-- phpMyAdmin SQL Dump
-- version 5.1.1
-- https://www.phpmyadmin.net/
--
-- Host: 127.0.0.1
-- Generation Time: Mar 31, 2022 at 10:51 PM
-- Server version: 10.4.22-MariaDB
-- PHP Version: 8.1.2

SET SQL_MODE = "NO_AUTO_VALUE_ON_ZERO";
START TRANSACTION;
SET time_zone = "+00:00";


/*!40101 SET @OLD_CHARACTER_SET_CLIENT=@@CHARACTER_SET_CLIENT */;
/*!40101 SET @OLD_CHARACTER_SET_RESULTS=@@CHARACTER_SET_RESULTS */;
/*!40101 SET @OLD_COLLATION_CONNECTION=@@COLLATION_CONNECTION */;
/*!40101 SET NAMES utf8mb4 */;

--
-- Database: `kilburn_timetables`
--

-- --------------------------------------------------------

--
-- Table structure for table `activities`
--

CREATE TABLE `activities` (
  `activity_id` int(255) NOT NULL,
  `activity_name` varchar(255) NOT NULL,
  `start_time` time NOT NULL,
  `end_time` time NOT NULL,
  `week_day` enum('Monday','Tuesday','Wednesday','Thursday','Friday','Saturday','Sunday') NOT NULL
) ENGINE=InnoDB DEFAULT CHARSET=utf8mb4;

--
-- Dumping data for table `activities`
--

INSERT INTO `activities` (`activity_id`, `activity_name`, `start_time`, `end_time`, `week_day`) VALUES
(1, 'AHCP10051/Lecture A/', '10:00:00', '11:00:00', 'Tuesday'),
(2, 'AMER10501/Welcome week Lecture/', '10:00:00', '11:00:00', 'Wednesday'),
(3, 'BIOL21101/LEC/LEC1/Wed 09-10 <02-03, 08>', '09:00:00', '10:00:00', 'Wednesday'),
(4, 'BIOL21101/LEC/LEC2/Fri 12-13 <04-06, 08-13>', '12:00:00', '13:00:00', 'Friday'),
(5, 'BIOL31471/LEC/LEC1/Mon 14-15', '14:00:00', '15:00:00', 'Monday'),
(6, 'BIOL31471/LEC/LEC3/Fri 13-14', '13:00:00', '14:00:00', 'Friday'),
(7, 'BIOL31482/LEC/LEC1/Mon 12-13', '12:00:00', '13:00:00', 'Monday'),
(8, 'BIOL31551/LEC/LEC2/Tue 16-17 <03, 07>', '16:00:00', '17:00:00', 'Tuesday'),
(9, 'BIOL31582/LEC/LEC1/Tue 15-16', '15:00:00', '16:00:00', 'Tuesday'),
(10, 'BIOL31582/LEC/LEC3/Fri 12-13', '12:00:00', '13:00:00', 'Friday'),
(11, 'BIOL31591/LEC/LEC1/Mon 15-16', '15:00:00', '16:00:00', 'Monday'),
(12, 'BIOL31631/LEC/LEC1/Thu 10-11', '10:00:00', '11:00:00', 'Thursday'),
(13, 'BIOL31631/LEC/LEC2/Fri 15-17', '15:00:00', '17:00:00', 'Friday'),
(14, 'BIOL31802/LEC/LEC1/Tue 13-14', '13:00:00', '14:00:00', 'Tuesday'),
(15, 'BIOL31802/LEC/LEC2/Tue 17-18 (wks 2&6 only)', '17:00:00', '18:00:00', 'Tuesday'),
(16, 'BMAN20811/LEC/LEC/01', '12:00:00', '14:00:00', 'Thursday'),
(17, 'BMAN21040/SEMESTER 1/WORKSHOP/WSP/01', '12:00:00', '13:00:00', 'Thursday'),
(18, 'BMAN24102/LECTURE/01', '09:00:00', '11:00:00', 'Wednesday'),
(19, 'BMAN24410/LECTURE/SEMESTER 1/01', '11:00:00', '13:00:00', 'Friday'),
(20, 'BMAN71111/LEC/Finance', '10:00:00', '13:00:00', 'Friday'),
(21, 'CAHE20041/Lecture B/', '10:00:00', '11:00:00', 'Friday'),
(22, 'CAHE23012/Lecture B/, CAHE33012/Lecture B/', '10:00:00', '11:00:00', 'Tuesday'),
(23, 'CAHE24102/Lecture A/, CAHE34102/Lecture A/', '13:00:00', '14:00:00', 'Monday'),
(24, 'CAHE25461/Lecture/, CAHE35461/Lecture/', '10:00:00', '12:00:00', 'Wednesday'),
(25, 'CAHE30000/Lecture A/', '16:00:00', '17:00:00', 'Thursday'),
(26, 'CHEM40111/SECTIONA/LEC/01, CHEM40121/SECTIONA/LEC/01 <06, 08>', '11:00:00', '12:00:00', 'Wednesday'),
(27, 'COMP10120/LAB/SEM1/Drop-in/01', '15:00:00', '16:00:00', 'Friday'),
(28, 'COMP10120/LAB/SEM1/M', '09:00:00', '10:00:00', 'Tuesday'),
(29, 'COMP10120/LAB/SEM1/X', '11:00:00', '12:00:00', 'Monday'),
(30, 'COMP10120/LAB/SEM1/Y', '10:00:00', '11:00:00', 'Monday'),
(31, 'COMP10120/LAB/SEM1/Z', '15:00:00', '16:00:00', 'Thursday'),
(32, 'COMP10120/LAB/SEM2/M+X', '10:00:00', '11:00:00', 'Tuesday'),
(33, 'COMP10120/SHOWCASE/SEM2/w9/01', '12:00:00', '14:00:00', 'Monday'),
(34, 'COMP10120/SHOWCASE/SEM2/w9/02', '12:00:00', '14:00:00', 'Monday'),
(35, 'COMP10120/SHOWCASE/SEM2/w9/04', '12:00:00', '14:00:00', 'Monday'),
(36, 'COMP10120/SHOWCASE/SEM2/w9/05', '12:00:00', '14:00:00', 'Monday'),
(37, 'COMP11120/EX/SEM2/Y', '15:00:00', '16:00:00', 'Tuesday'),
(38, 'COMP11120/EX/SEM2/Z', '16:00:00', '17:00:00', 'Tuesday'),
(39, 'COMP11212/EX/M+X', '09:00:00', '10:00:00', 'Tuesday'),
(40, 'COMP11212/EX/V', '16:00:00', '17:00:00', 'Tuesday'),
(41, 'COMP11212/EX/W', '09:00:00', '10:00:00', 'Wednesday'),
(42, 'COMP11212/EX/Y', '10:00:00', '11:00:00', 'Tuesday'),
(43, 'COMP11212/EX/Z', '14:00:00', '15:00:00', 'Tuesday'),
(44, 'COMP12111/LAB/01', '15:00:00', '17:00:00', 'Tuesday'),
(45, 'COMP12111/LAB/02', '09:00:00', '11:00:00', 'Wednesday'),
(46, 'COMP12111/LAB/03', '13:00:00', '15:00:00', 'Monday'),
(47, 'COMP12111/LAB/04', '13:00:00', '15:00:00', 'Thursday'),
(48, 'COMP13212/LAB/M+X', '11:00:00', '13:00:00', 'Thursday'),
(49, 'COMP13212/LAB/Y', '15:00:00', '17:00:00', 'Friday'),
(50, 'COMP13212/LAB/Z', '15:00:00', '17:00:00', 'Tuesday'),
(51, 'COMP13212/LEC/LEC1/EXTRA/01', '17:00:00', '18:00:00', 'Tuesday'),
(52, 'COMP13212/LEC/LEC2/EXTRA/01', '10:00:00', '11:00:00', 'Friday'),
(53, 'COMP15111/LAB/02', '09:00:00', '10:00:00', 'Friday'),
(54, 'COMP15111/LAB/03', '09:00:00', '10:00:00', 'Monday'),
(55, 'COMP15111/LAB/04', '14:00:00', '15:00:00', 'Wednesday'),
(56, 'COMP15111/LAB/05', '10:00:00', '11:00:00', 'Friday'),
(57, 'COMP15111/LAB/06', '15:00:00', '16:00:00', 'Wednesday'),
(58, 'COMP15212/LAB/M+X', '11:00:00', '13:00:00', 'Thursday'),
(59, 'COMP15212/LAB/Z', '11:00:00', '13:00:00', 'Friday'),
(60, 'COMP16412/LAB/Z', '14:00:00', '16:00:00', 'Friday'),
(61, 'COMP16412/LEC/LEC1/EXTRA/01', '16:00:00', '17:00:00', 'Monday'),
(62, 'COMP16412/WKSP/M+X', '11:00:00', '12:00:00', 'Tuesday'),
(63, 'COMP16412/WKSP/W', '15:00:00', '16:00:00', 'Tuesday'),
(64, 'COMP16412/WKSP/Y', '11:00:00', '12:00:00', 'Wednesday'),
(65, 'COMP16412/WKSP/Z', '10:00:00', '11:00:00', 'Wednesday'),
(66, 'COMP1HCI/TUT/SEM1', '12:00:00', '13:00:00', 'Monday'),
(67, 'COMP1HCI/TUT/ww', '10:00:00', '11:00:00', 'Tuesday'),
(68, 'COMP1INTRO/LAB/WW/02', '17:00:00', '18:00:00', 'Friday'),
(69, 'COMP1INTRO/Tutor-Intro/WW/Lunch/01', '14:00:00', '16:00:00', 'Wednesday'),
(70, 'COMP1INTRO/Tutor-Intro/WW/Lunch/02', '14:00:00', '16:00:00', 'Wednesday'),
(71, 'COMP1INTRO/Tutor-Intro/WW/Lunch/03', '14:00:00', '16:00:00', 'Wednesday'),
(72, 'COMP1INTRO/Tutor-Intro/WW/Lunch/04', '14:00:00', '16:00:00', 'Wednesday'),
(73, 'COMP1INTRO/Tutor-Intro/WW/Lunch/05', '14:00:00', '16:00:00', 'Wednesday'),
(74, 'COMP1INTRO/Tutor-Intro/WW/Lunch/06', '14:00:00', '16:00:00', 'Wednesday'),
(75, 'COMP1INTRO/Tutor-Intro/WW/Lunch/07', '14:00:00', '16:00:00', 'Wednesday'),
(76, 'COMP1PASS/SEM1/', '12:00:00', '13:00:00', 'Wednesday'),
(77, 'COMP1PASS/SEM1/Debrief', '13:00:00', '14:00:00', 'Wednesday'),
(78, 'COMP1PASS/SEM1/Rooms/01', '12:00:00', '13:00:00', 'Wednesday'),
(79, 'COMP1PASS/SEM1/Rooms/05', '12:00:00', '13:00:00', 'Wednesday'),
(80, 'COMP1PASS/SEM1/Rooms/06', '12:00:00', '13:00:00', 'Wednesday'),
(81, 'COMP1PASS/SEM1/Rooms/OL', '12:00:00', '13:00:00', 'Wednesday'),
(82, 'COMP1PASS/SEM2/01', '12:00:00', '13:00:00', 'Wednesday'),
(83, 'COMP1PASS/SEM2/02', '12:00:00', '13:00:00', 'Wednesday'),
(84, 'COMP1PASS/SEM2/03', '12:00:00', '13:00:00', 'Wednesday'),
(85, 'COMP1PASS/SEM2/04', '12:00:00', '13:00:00', 'Wednesday'),
(86, 'COMP1PASS/SEM2/05', '12:00:00', '13:00:00', 'Wednesday'),
(87, 'COMP1PASS/SEM2/06', '12:00:00', '13:00:00', 'Wednesday'),
(88, 'COMP1PASS/SEM2/07', '12:00:00', '13:00:00', 'Wednesday'),
(89, 'COMP1PASS/SEM2/08', '12:00:00', '13:00:00', 'Wednesday'),
(90, 'COMP1PASS/SEM2/Debrief', '13:00:00', '14:00:00', 'Wednesday'),
(91, 'COMP1TUT/TUT/SEM1/X4', '16:00:00', '17:00:00', 'Thursday'),
(92, 'COMP1TUT/TUT/SEM1/Z5', '12:00:00', '13:00:00', 'Thursday'),
(93, 'COMP21111/EX/ON CAMPUS/GROUP01', '09:00:00', '10:00:00', 'Friday'),
(94, 'COMP21111/EX/ON CAMPUS/GROUP02', '10:00:00', '11:00:00', 'Friday'),
(95, 'COMP22111/LAB/01', '16:00:00', '18:00:00', 'Monday'),
(96, 'COMP22111/LAB/02', '11:00:00', '13:00:00', 'Tuesday'),
(97, 'COMP22712/LAB/01/F', '11:00:00', '13:00:00', 'Monday'),
(98, 'COMP22712/LAB/01/G', '13:00:00', '15:00:00', 'Tuesday'),
(99, 'COMP22712/LAB/01/H', '09:00:00', '11:00:00', 'Tuesday'),
(100, 'COMP22712/LAB/02/F', '11:00:00', '13:00:00', 'Friday'),
(101, 'COMP22712/LAB/02/G', '10:00:00', '12:00:00', 'Wednesday'),
(102, 'COMP22712/LAB/02/H', '09:00:00', '11:00:00', 'Thursday'),
(103, 'COMP23111/LAB/01', '14:00:00', '15:00:00', 'Thursday'),
(104, 'COMP23111/LAB/02', '15:00:00', '16:00:00', 'Thursday'),
(105, 'COMP23311/STD1/01', '10:00:00', '11:00:00', 'Tuesday'),
(106, 'COMP23311/STD1/02', '10:00:00', '11:00:00', 'Tuesday'),
(107, 'COMP23311/STD1/03', '10:00:00', '11:00:00', 'Tuesday'),
(108, 'COMP23311/STD1/04', '10:00:00', '11:00:00', 'Tuesday'),
(109, 'COMP23311/STD2/01', '11:00:00', '12:00:00', 'Thursday'),
(110, 'COMP23311/STD2/02', '11:00:00', '12:00:00', 'Thursday'),
(111, 'COMP23311/STD2/03', '11:00:00', '12:00:00', 'Thursday'),
(112, 'COMP23311/STD2/04', '11:00:00', '12:00:00', 'Thursday'),
(113, 'COMP23311/WRK/01', '15:00:00', '16:00:00', 'Tuesday'),
(114, 'COMP23311/WRK/02', '16:00:00', '17:00:00', 'Tuesday'),
(115, 'COMP23311/WRK/03', '13:00:00', '14:00:00', 'Friday'),
(116, 'COMP23412/LAB/F', '16:00:00', '18:00:00', 'Tuesday'),
(117, 'COMP23412/LAB/H', '16:00:00', '18:00:00', 'Friday'),
(118, 'COMP23412/STD/01/04', '10:00:00', '11:00:00', 'Friday'),
(119, 'COMP24011/LAB/01', '13:00:00', '15:00:00', 'Thursday'),
(120, 'COMP24011/LAB/02', '16:00:00', '18:00:00', 'Thursday'),
(121, 'COMP24112/LAB/F', '14:00:00', '16:00:00', 'Thursday'),
(122, 'COMP24112/LAB/G', '14:00:00', '16:00:00', 'Monday'),
(123, 'COMP24112/LAB/H', '16:00:00', '18:00:00', 'Thursday'),
(124, 'COMP24412/LEC1', '13:00:00', '14:00:00', 'Tuesday'),
(125, 'COMP25212/LAB/F', '11:00:00', '13:00:00', 'Tuesday'),
(126, 'COMP25212/LAB/G', '14:00:00', '16:00:00', 'Monday'),
(127, 'COMP26020/LAB/SEM1/01', '11:00:00', '13:00:00', 'Friday'),
(128, 'COMP26020/LAB/SEM1/02', '16:00:00', '18:00:00', 'Friday'),
(129, 'COMP26020/LAB/SEM1/03', '14:00:00', '16:00:00', 'Friday'),
(130, 'COMP26020/LAB/SEM2/F', '11:00:00', '13:00:00', 'Tuesday'),
(131, 'COMP26020/LAB/SEM2/G', '09:00:00', '11:00:00', 'Thursday'),
(132, 'COMP26020/LAB/SEM2/H', '16:00:00', '18:00:00', 'Monday'),
(133, 'COMP26120/LAB/SEM2/F', '10:00:00', '12:00:00', 'Wednesday'),
(134, 'COMP27112/LAB/H', '14:00:00', '16:00:00', 'Friday'),
(135, 'COMP28112/LAB/F', '11:00:00', '13:00:00', 'Tuesday'),
(136, 'COMP28112/LAB/G', '14:00:00', '16:00:00', 'Monday'),
(137, 'COMP28112/LAB/H', '16:00:00', '18:00:00', 'Monday'),
(138, 'COMP2HCI/TUT/SEM1', '10:00:00', '11:00:00', 'Monday'),
(139, 'COMP2PASS/SEM1/01', '12:00:00', '13:00:00', 'Thursday'),
(140, 'COMP2PASS/SEM2/room/01', '12:00:00', '13:00:00', 'Thursday'),
(141, 'COMP2PASS/SEM2/room/02', '12:00:00', '13:00:00', 'Thursday'),
(142, 'COMP2PASS/SEM2/room/03', '12:00:00', '13:00:00', 'Thursday'),
(143, 'COMP2PASS/SEM2/room/04', '12:00:00', '13:00:00', 'Thursday'),
(144, 'COMP2PASS/SEM2/room/05', '12:00:00', '13:00:00', 'Thursday'),
(145, 'COMP32211/LAB', '11:00:00', '12:00:00', 'Monday'),
(146, 'COMP32211/LEC', '10:00:00', '12:00:00', 'Monday'),
(147, 'COMP33511/LEC/01', '13:00:00', '14:00:00', 'Thursday'),
(148, 'COMP33511/LEC/02', '10:00:00', '11:00:00', 'Wednesday'),
(149, 'COMP34212/SEM2/LAB', '11:00:00', '13:00:00', 'Friday'),
(150, 'COMP34711/LAB/01', '14:00:00', '15:00:00', 'Friday'),
(151, 'COMP34711/LAB/02', '15:00:00', '16:00:00', 'Friday'),
(152, 'COMP34812/LEC/01/01', '09:00:00', '10:00:00', 'Monday'),
(153, 'COMP34812/WKSP/01', '10:00:00', '11:00:00', 'Friday'),
(154, 'COMP35112/LAB', '16:00:00', '18:00:00', 'Tuesday'),
(155, 'COMP35112/LEC/LEC1', '09:00:00', '10:00:00', 'Tuesday'),
(156, 'COMP36212/LEC/01', '10:00:00', '11:00:00', 'Tuesday'),
(157, 'COMP37212/LAB', '11:00:00', '12:00:00', 'Monday'),
(158, 'COMP38311/WRK/F2F/04/F2F', '17:00:00', '18:00:00', 'Tuesday'),
(159, 'COMP3HCI/TUT/SEM1', '15:00:00', '16:00:00', 'Monday'),
(160, 'COMP60332/LEC+LAB', '13:00:00', '17:00:00', 'Friday'),
(161, 'COMP60332/LEC1w1', '09:00:00', '17:00:00', 'Friday'),
(162, 'COMP60332/LECw2-5', '09:00:00', '13:00:00', 'Friday'),
(163, 'COMP60532/LAB', '14:00:00', '17:00:00', 'Thursday'),
(164, 'COMP60532/LEC', '10:00:00', '13:00:00', 'Thursday'),
(165, 'COMP60542/LEC', '10:00:00', '14:00:00', 'Thursday'),
(166, 'COMP60542/WRK', '14:00:00', '16:00:00', 'Thursday'),
(167, 'COMP60721/WSP/01', '16:00:00', '18:00:00', 'Thursday'),
(168, 'COMP60721/WSP/02', '16:00:00', '18:00:00', 'Thursday'),
(169, 'COMP60721/WSP/03', '16:00:00', '18:00:00', 'Thursday'),
(170, 'COMP60721/WSP/04', '16:00:00', '18:00:00', 'Thursday'),
(171, 'COMP60721/WSP/05', '16:00:00', '18:00:00', 'Thursday'),
(172, 'COMP60721/WSP/06', '16:00:00', '18:00:00', 'Thursday'),
(173, 'COMP60721/WSP/07', '16:00:00', '18:00:00', 'Thursday'),
(174, 'COMP61342/LAB', '13:00:00', '16:00:00', 'Tuesday'),
(175, 'COMP61411/LAB2', '16:00:00', '17:00:00', 'Monday'),
(176, 'COMP61411/Q&A/F2F', '14:00:00', '15:00:00', 'Thursday'),
(177, 'COMP61411/WRK/1/F2F', '12:00:00', '14:00:00', 'Monday'),
(178, 'COMP61511/LEC5/F2F', '12:00:00', '14:00:00', 'Wednesday'),
(179, 'COMP62521/LEC/F2F', '10:00:00', '12:00:00', 'Tuesday'),
(180, 'COMP62532/LAB', '14:00:00', '17:00:00', 'Monday'),
(181, 'COMP62532/LEC', '09:00:00', '13:00:00', 'Monday'),
(182, 'COMP62542/LECw1-3', '10:00:00', '13:00:00', 'Monday'),
(183, 'COMP62542/LECw4-5', '10:00:00', '15:00:00', 'Monday'),
(184, 'COMP63342/LAB1', '13:00:00', '17:00:00', 'Friday'),
(185, 'COMP63342/LAB2', '13:00:00', '17:00:00', 'Friday'),
(186, 'COMP63342/LECw1,5', '09:00:00', '17:00:00', 'Wednesday'),
(187, 'COMP63342/LECw2-4', '09:00:00', '12:00:00', 'Friday'),
(188, 'COMP66090/WRK/p3/01', '10:00:00', '13:00:00', 'Wednesday'),
(189, 'COMP66090/WRK/p3/02', '10:00:00', '13:00:00', 'Friday'),
(190, 'COMP6INTRO/LEC/Mon', '10:00:00', '12:00:00', 'Monday'),
(191, 'COMP82020/LEC1', '12:00:00', '13:00:00', 'Wednesday'),
(192, 'COMP82020/Sem1&2/sem/01, COMP83020/Sem1&2/sem/01, COMP84020/Sem1&2/sem/01, COMP81020/Sem1&2/sem/01', '14:00:00', '15:00:00', 'Wednesday'),
(193, 'COMP83020/LEC1', '14:00:00', '17:00:00', 'Tuesday'),
(194, 'COMP83020/LEC2', '14:00:00', '17:00:00', 'Thursday'),
(195, 'COMP83020/LEC3/01', '14:00:00', '17:00:00', 'Tuesday'),
(196, 'COMP83020/LEC4/01', '14:00:00', '17:00:00', 'Thursday'),
(197, 'COMP8INTRO/REG/GIT', '10:00:00', '17:00:00', 'Thursday'),
(198, 'COMP8SYMP/LEC/1.1', '09:00:00', '13:00:00', 'Tuesday'),
(199, 'COMP8SYMP/LEC/1.3/01', '09:00:00', '17:00:00', 'Wednesday'),
(200, 'COMP8SYMP/LEC/1.3/02', '09:00:00', '17:00:00', 'Thursday'),
(201, 'COMP8SYMP/LEC/1.3/03', '09:00:00', '17:00:00', 'Friday'),
(202, 'COMP8SYMP/PostersLunch', '09:00:00', '17:00:00', 'Tuesday'),
(203, 'COMP-NEST/MEETING', '10:00:00', '11:00:00', 'Friday'),
(204, 'COMP-SEMINAR', '13:00:00', '15:00:00', 'Wednesday'),
(205, 'COMP-SEMINAR-S2', '14:00:00', '16:00:00', 'Wednesday'),
(206, 'COMP-Visit days/Sem1/Tue', '09:00:00', '17:00:00', 'Tuesday'),
(207, 'COMP-Visit days/Sem1/Tue/Tutorial', '14:00:00', '16:00:00', 'Tuesday'),
(208, 'COMP-Visit days/Sem2/Tue', '09:00:00', '17:00:00', 'Tuesday'),
(209, 'COMP-Visit days/Sem2/Tue/Tutorial', '14:00:00', '17:00:00', 'Tuesday'),
(210, 'CRIM10072/Lecture', '11:00:00', '13:00:00', 'Tuesday'),
(211, 'DATA70132/Practical/01', '11:00:00', '13:00:00', 'Wednesday'),
(212, 'DENT10010/BDS3/LEC/WedsAM/01', '09:00:00', '12:30:00', 'Wednesday'),
(213, 'DENT10340/BDS1/Intro to Dentistry/05', '14:30:00', '15:30:00', 'Thursday'),
(214, 'DENT21050/BSc2/BDS Year 3 Symposium, DENT31000/BDS3/Symposium [See BB for Lecture Schedule]', '09:00:00', '11:00:00', 'Thursday'),
(215, 'DENT50120/BDS5/Symposia Lecture T1 (See BB for Lecture Schedule)/01 <02-05>', '09:00:00', '12:00:00', 'Friday'),
(216, 'EART29102/LEC/LEC1 <21-22>', '10:00:00', '11:00:00', 'Monday'),
(217, 'EART29102/LEC/LEC1 <23>', '10:00:00', '11:00:00', 'Monday'),
(218, 'EART29102/LEC/LEC1 <25-27>', '10:00:00', '11:00:00', 'Monday'),
(219, 'EART29102/LEC/LEC1 <28>', '10:00:00', '11:00:00', 'Monday'),
(220, 'EART29102/LEC/LEC1 <34>', '10:00:00', '11:00:00', 'Monday'),
(221, 'EART29102/LEC/LEC1 <35>', '10:00:00', '11:00:00', 'Monday'),
(222, 'ECON10061/Class/09', '14:00:00', '15:00:00', 'Thursday'),
(223, 'ECON10171/Lecture 2/01', '12:00:00', '13:00:00', 'Wednesday'),
(224, 'ECON32202/Lecture/01', '12:00:00', '14:00:00', 'Thursday'),
(225, 'ECON60212/Lecture/01', '13:00:00', '15:00:00', 'Friday'),
(226, 'ECON60552/Lecture/01', '09:00:00', '11:00:00', 'Wednesday'),
(227, 'EDUC11382/LEC/SEM2/01', '13:00:00', '15:00:00', 'Tuesday'),
(228, 'EDUC20231/LEC/SEM1/01', '14:00:00', '16:00:00', 'Tuesday'),
(229, 'EDUC21740/LEC/SEM1/01', '13:00:00', '15:00:00', 'Tuesday'),
(230, 'EDUC30221/LEC/SEM1/01', '13:00:00', '15:00:00', 'Monday'),
(231, 'EDUC33050/LEC/SEM2/01', '13:30:00', '15:00:00', 'Thursday'),
(232, 'EDUC60150/LEC/24.01.22', '09:00:00', '12:00:00', 'Monday'),
(233, 'EDUC60491/LEC/LEC1/01', '11:00:00', '13:00:00', 'Tuesday'),
(234, 'EDUC67890/LEC/LEC1/SEM1/06', '15:00:00', '17:00:00', 'Monday'),
(235, 'EDUC67890/LEC/LEC1/SEM1/07', '15:00:00', '17:00:00', 'Monday'),
(236, 'EDUC71331/SEM/SEM/05', '11:00:00', '13:00:00', 'Monday'),
(237, 'ELAN61142/Lecture/', '14:00:00', '16:00:00', 'Monday'),
(238, 'ENGL10021/Lecture/', '12:00:00', '14:00:00', 'Monday'),
(239, 'ENGL20372/Lecture/', '11:00:00', '13:00:00', 'Monday'),
(240, 'ENGL33081/Lecture/ <03-06, 08-13>', '10:00:00', '11:00:00', 'Monday'),
(241, 'FOUN10022/LAB/COMP', '14:00:00', '17:00:00', 'Thursday'),
(242, 'GEOG20072/SEM/SEM1/05/Crete', '10:00:00', '12:00:00', 'Friday'),
(243, 'GEOG70472/LEC/LEC1/01', '14:00:00', '16:00:00', 'Thursday'),
(244, 'GEOG70911/LEC/LEC1/01', '11:00:00', '13:00:00', 'Wednesday'),
(245, 'GEOG70952/LEC/LEC/01', '11:00:00', '13:00:00', 'Wednesday'),
(246, 'GERM30482/Lecture/, DRAM70482/Lecture/', '11:00:00', '12:00:00', 'Monday'),
(247, 'HIST20482/Lecture A/', '12:00:00', '13:00:00', 'Wednesday'),
(248, 'HIST21152/Lecture A/', '10:00:00', '11:00:00', 'Monday'),
(249, 'HIST30970/S2/Lecture/', '14:00:00', '15:00:00', 'Friday'),
(250, 'ICOM60042/Lecture/ <23>', '10:00:00', '12:00:00', 'Thursday'),
(251, 'ITAL10300/S1/Lecture/', '12:00:00', '13:00:00', 'Tuesday'),
(252, 'JAPA10030/S2/Lecture/', '12:00:00', '14:00:00', 'Tuesday'),
(253, 'LAWS70700/Lecture - Semester 1/01, LAWS70901/Lecture/01', '15:00:00', '16:00:00', 'Tuesday'),
(254, 'LELA20962/Lecture/', '16:00:00', '18:00:00', 'Monday'),
(255, 'LELA30962/Lecture/, LELA60692/Lecture/', '09:00:00', '11:00:00', 'Monday'),
(256, 'MACE60561/LEC1', '09:00:00', '11:00:00', 'Tuesday'),
(257, 'MATH10141/TUT/03', '16:00:00', '17:00:00', 'Tuesday'),
(258, 'MATH10141/TUT/05', '14:00:00', '15:00:00', 'Thursday'),
(259, 'MATH19641/Review Session', '09:00:00', '10:00:00', 'Thursday'),
(260, 'MATH20062/Review Session2/01', '11:00:00', '13:00:00', 'Monday'),
(261, 'MATH20522/Review Session', '11:00:00', '12:00:00', 'Tuesday'),
(262, 'MATH20722/Review Session', '13:00:00', '15:00:00', 'Monday'),
(263, 'MATH20802/Review Session', '16:00:00', '17:00:00', 'Monday'),
(264, 'MATH20912/TUT/2', '10:00:00', '11:00:00', 'Friday'),
(265, 'MATH32091/TUT/01', '13:00:00', '14:00:00', 'Thursday'),
(266, 'MATH35021/Review Session', '09:00:00', '10:00:00', 'Tuesday'),
(267, 'MATH43011/Review Session, MATH63011/Review Session', '11:00:00', '12:00:00', 'Tuesday'),
(268, 'MATH48052/TUT1, MATH68052/TUT1', '10:00:00', '11:00:00', 'Wednesday'),
(269, 'MATH48061/Review Session, MATH68061/Review Session', '12:00:00', '13:00:00', 'Tuesday'),
(270, 'MATH48122/Review Session, MATH68122/Review Session', '10:00:00', '11:00:00', 'Thursday'),
(271, 'MATH48181/Review Session, MATH68181/Review Session', '10:00:00', '11:00:00', 'Wednesday'),
(272, 'MATHS1000/Foundations of Pure Mathematics B', '10:00:00', '11:00:00', 'Friday'),
(273, 'MCEL30002/LECTURE/01', '10:00:00', '12:00:00', 'Thursday'),
(274, 'MCEL30002/WORKSHOP/01', '10:00:00', '12:00:00', 'Thursday'),
(275, 'MCEL30051&MCEL40031/LECTURE/01', '10:00:00', '12:00:00', 'Tuesday'),
(276, 'MCEL40011/LECTURE/01', '09:00:00', '12:00:00', 'Thursday'),
(277, 'MEDN60010/LEC/Friday Morning Sem 2/01', '10:00:00', '13:00:00', 'Friday'),
(278, 'MEDN67542/LEC/CLAS/SOLID/THURSAM/01', '09:00:00', '12:00:00', 'Thursday'),
(279, 'MEDN67542/LEC/CLAS/SOLID/THURSPM/01', '13:00:00', '17:00:00', 'Thursday'),
(280, 'MEDN68642/LEC/WED/PM', '13:00:00', '17:00:00', 'Wednesday'),
(281, 'MEDN68652/LEC/THUR/AM', '09:00:00', '13:00:00', 'Thursday'),
(282, 'MEDN68652/LEC/WED/PM', '13:00:00', '17:00:00', 'Wednesday'),
(283, 'MEDN68662/LEC/THUR/AM', '09:00:00', '13:00:00', 'Thursday'),
(284, 'MEDN68662/LEC/THUR/PM', '13:00:00', '17:00:00', 'Thursday'),
(285, 'MEDN68662/LEC/TUES/PM', '13:00:00', '17:00:00', 'Tuesday'),
(286, 'MEDN68662/LEC/WED/PM', '13:00:00', '17:00:00', 'Wednesday'),
(287, 'MEST20002/OnCampusLecture/', '16:00:00', '18:00:00', 'Tuesday'),
(288, 'MEST20501/ON CAMPUS Lecture/ <02, 09-13>', '10:00:00', '12:00:00', 'Wednesday'),
(289, 'MGDI60072/TUT/TUT/02', '14:00:00', '16:00:00', 'Tuesday'),
(290, 'MGDI60081/LEC/LEC/01', '14:00:00', '16:00:00', 'Monday'),
(291, 'MGDI60101/LEC/LEC1/01 <04, 09, 12>', '09:00:00', '11:00:00', 'Thursday'),
(292, 'MGDI60311/LEC/LEC2/01', '10:00:00', '11:00:00', 'Friday'),
(293, 'MGDI60362/LEC/LEC/01', '14:00:00', '16:00:00', 'Tuesday'),
(294, 'MGDI60731/LEC/LEC/01', '14:00:00', '16:00:00', 'Tuesday'),
(295, 'MGDI60742/LEC/LEC/01', '12:00:00', '14:00:00', 'Thursday'),
(296, 'MGDI70191/LEC/LEC1/01', '11:00:00', '14:00:00', 'Thursday'),
(297, 'MGDI71981/LEC/LEC1/01', '11:00:00', '14:00:00', 'Monday'),
(298, 'MGDI72121/LEC/LEC/01', '14:00:00', '16:00:00', 'Friday'),
(299, 'NURS21240/SEMINAR/ANALGESIA DAY ON CAMPUS/04', '09:00:00', '12:00:00', 'Thursday'),
(300, 'NURS21280/PASSDEBRIEF10/03, NURS39990/PASSDEBRIEF10//03', '12:00:00', '13:00:00', 'Tuesday'),
(301, 'NURS23102/Presentations/01', '10:00:00', '16:00:00', 'Thursday'),
(302, 'NURS23102/SU workshop/02', '13:00:00', '16:00:00', 'Thursday'),
(303, 'NURS23102/workshop/01', '13:00:00', '16:00:00', 'Thursday'),
(304, 'NURS23142/LECTURE1/01', '10:00:00', '11:00:00', 'Monday'),
(305, 'NURS23142/LECTURE2/01', '13:00:00', '14:00:00', 'Monday'),
(306, 'NURS31350/LEC/LEC10/', '13:00:00', '15:00:00', 'Thursday'),
(307, 'NURS31350/LEC/LEC2/ON CAMPUS/', '13:00:00', '15:00:00', 'Wednesday'),
(308, 'PHAR10102/LEC4/wk12', '09:00:00', '10:00:00', 'Thursday'),
(309, 'PHAR40101/LEC/02/NEURO/01', '11:00:00', '12:00:00', 'Tuesday'),
(310, 'PHIL60621/Seminar/01', '15:00:00', '16:00:00', 'Thursday'),
(311, 'PHYS20401/LEC/LEC2/01', '14:00:00', '15:00:00', 'Thursday'),
(312, 'PHYS30392/LEC/LEC1/01, PHYS63392/LEC/LEC1/01', '09:00:00', '11:00:00', 'Friday'),
(313, 'PHYS31692/LEC/LEC1/01, PHYS61692/LEC/LEC1/01', '15:00:00', '17:00:00', 'Monday'),
(314, 'PHYS40732/LEC/LEC1/01, PHYS64732/LEC/LEC1/01', '15:00:00', '17:00:00', 'Monday'),
(315, 'PHYS40992/LEC/LEC1/01, PHYS64992/LEC/LEC1/01', '14:00:00', '16:00:00', 'Friday'),
(316, 'PHYS60351/LEC/LEC1/01', '10:30:00', '13:30:00', 'Monday'),
(317, 'PLAN10352/LEC/SEMINARS/SEM2/01', '14:00:00', '16:00:00', 'Thursday'),
(318, 'PLAN20172/LEC/SEM2/01', '10:00:00', '12:00:00', 'Wednesday'),
(319, 'PLAN60021/SEM/SEM1/01', '09:00:00', '14:00:00', 'Monday'),
(320, 'PLAN60041/SEM/SEM1/01', '16:00:00', '17:00:00', 'Monday'),
(321, 'PLAN60082/LEC/LEC1/01', '15:00:00', '17:00:00', 'Tuesday'),
(322, 'PLAN60102/LEC/LEC1/01, PLAN40662/LEC/SEM2/01', '09:00:00', '11:00:00', 'Monday'),
(323, 'PLAN60102/SEM/SEM2/01, PLAN40662/SEMINAR/SEM2/01', '11:00:00', '13:00:00', 'Monday'),
(324, 'PLAN60442/LEC/LEC/01', '09:00:00', '11:00:00', 'Tuesday'),
(325, 'PLAN64001/LEC/LEC/01 <02-05, 08-13>', '10:00:00', '12:00:00', 'Thursday'),
(326, 'PLAN64001/LEC/LEC/01 <06>', '10:00:00', '13:00:00', 'Thursday'),
(327, 'POLI10202/Lecture/01', '11:00:00', '13:00:00', 'Thursday'),
(328, 'POLI30300/Lecture - Semester 1/01, POLI3030/Lecture - Semester 1/01', '16:00:00', '17:00:00', 'Tuesday'),
(329, 'PSYC11402/SEM/SEM1/06', '15:30:00', '16:30:00', 'Thursday'),
(330, 'RUSS10251/Lecture/, RUSS20251/Lecture/', '17:00:00', '18:00:00', 'Tuesday'),
(331, 'SALC10602/Lecture/', '11:00:00', '13:00:00', 'Wednesday'),
(332, 'SOAN10331/Lecture', '11:00:00', '13:00:00', 'Wednesday'),
(333, 'SOAN30111/Lecture, SOAN60111/Lecture <02>', '15:00:00', '16:00:00', 'Monday'),
(334, 'SPLA20161/ONCAMPUS_Lecture/ <02>', '10:00:00', '11:00:00', 'Tuesday'),
(335, 'WWSOSSUG - LLB Year 2 Employability Session/01', '13:00:00', '14:00:00', 'Thursday'),
(336, 'WWSOSSUG - LLB Year 3 Employability Session/01', '10:00:00', '11:00:00', 'Thursday');

-- --------------------------------------------------------

--
-- Table structure for table `dbmappings`
--

CREATE TABLE `dbmappings` (
  `mapping_id` int(255) NOT NULL,
  `room_name` varchar(255) NOT NULL,
  `room_db_name` varchar(255) NOT NULL
) ENGINE=InnoDB DEFAULT CHARSET=utf8mb4;

--
-- Dumping data for table `dbmappings`
--

INSERT INTO `dbmappings` (`mapping_id`, `room_name`, `room_db_name`) VALUES
(1, 'G23 Computer Cluster', 'Kilburn_G23'),
(2, 'G36', 'Kilburn_G36'),
(3, 'G41 Collaborative Space', 'Kilburn_G41'),
(4, 'LF5', 'Kilburn_LF5'),
(5, 'LF6', 'Kilburn_LF6'),
(6, 'LF8 Quiet Lab', 'Kilburn_LF8'),
(7, 'LF9 Tooltill 0', 'Kilburn_Tootill 0'),
(8, 'LF16 Tooltill 1', 'Kilburn_Tootill 1'),
(9, 'LF31', 'Kilburn_LF31'),
(10, 'LF34 Collab 2', 'Kilburn_Collab 2'),
(11, 'LF39 Collab 1', 'Kilburn_Collab 1'),
(12, 'Lecture Theatre 1.1', 'Kilburn_TH 1.1'),
(13, 'Lecture Theatre 1.3', 'Kilburn_TH 1.3'),
(14, 'Lecture Theatre 1.4', 'Kilburn_TH 1.4'),
(15, 'Lecture Theatre 1.5', 'Kilburn_TH 1.5'),
(16, 'Computer Cluster 1.8', 'Kilburn_1.8'),
(17, '1.10 Meeting Room', 'Kilburn_1.10'),
(18, '1.18A Atlas 1', 'Kilburn_Atlas 1'),
(19, '1.18B Atlas 2', 'Kilburn_Atlas 2'),
(20, '1.19 Mercury', 'Kilburn_Mercury'),
(21, '2.11', 'Kilburn_2.11'),
(22, '2.15 MSc Teaching', 'Kilburn_2.15'),
(23, '2.19 MSc Teaching', 'Kilburn_2.19'),
(24, '2.25A Computer Cluster MSc', 'Kilburn_2.25A'),
(25, '2.25B Computer Cluster MSc', 'Kilburn_2.25B');

-- --------------------------------------------------------

--
-- Table structure for table `mapbox_encodings`
--

CREATE TABLE `mapbox_encodings` (
  `encoding_id` int(255) NOT NULL,
  `layer_name` varchar(255) NOT NULL,
  `encoding` varchar(255) NOT NULL
) ENGINE=InnoDB DEFAULT CHARSET=utf8mb4;

--
-- Dumping data for table `mapbox_encodings`
--

INSERT INTO `mapbox_encodings` (`encoding_id`, `layer_name`, `encoding`) VALUES
(1, 'Kilburn_G_rooms', 'ckzse85z43qcw27tehgtgsuzt'),
(2, 'Kilburn_LF_rooms', 'ckznf2kdw00ux28o99pbihtel'),
(3, 'Kilburn_1_rooms', 'ckznf2wcy2kc929qwdg97xh8q'),
(4, 'Kilburn_2_rooms', 'ckznf3ae304kp21sgirt36b6b'),
(5, 'Kilburn_G_room_centroids', 'ckzrblrdv0sl528qhoxtutucm'),
(6, 'Kilburn_LF_room_centroids', 'ckzrblwk20gkg22qv47t3jnnu'),
(7, 'Kilburn_1_room_centroids', 'ckzrbl8t900cj28pm71heh0fp'),
(8, 'Kilburn_2_room_centroids', 'ckzrblhm80h6q28p2pimfmffa'),
(9, 'Kilburn_G_corridors', 'ckzse7o1h09vr20mmb9v9r3hg'),
(10, 'Kilburn_LF_corridors', 'ckzsgpbos45a526pptr0u5wrv'),
(11, 'Kilburn_1_corridors', 'ckzrbmzsc0h7528p2xpg1l0o2'),
(12, 'Kilburn_2_corridors', 'ckzrbosvq3hr929qwx0tu61as'),
(13, 'Kilburn_G_structures', 'ckzse6l3300mb2do913fg9mqf'),
(14, 'Kilburn_LF_structures', 'ckzrbpovq087p27k7sujly7ed'),
(15, 'Kilburn_1_structures', 'ckzrbqdky00dx28pmmumrv1uz'),
(16, 'Kilburn_2_structures', 'ckzrbp3bx00s021mm55jgj75m'),
(17, 'Kilburn_G_structure_centroids', 'ckzrbmlmz00o627mmrmpfc53l'),
(18, 'Kilburn_LF_structure_centroids', 'ckzrbmr073l2w28lr0f3lzwoy'),
(19, 'Kilburn_1_structure_centroids', 'ckzrbm9hy00cs28pmif0fcxab'),
(20, 'Kilburn_2_structure_centroids', 'ckzrbmg3a0grg22p2ez59znm4');

-- --------------------------------------------------------

--
-- Table structure for table `rooms`
--

CREATE TABLE `rooms` (
  `room_id` int(255) NOT NULL,
  `room_name` varchar(255) NOT NULL,
  `size` int(255) NOT NULL
) ENGINE=InnoDB DEFAULT CHARSET=utf8mb4;

--
-- Dumping data for table `rooms`
--

INSERT INTO `rooms` (`room_id`, `room_name`, `size`) VALUES
(1, 'Kilburn_TH 1.5', 50),
(2, 'Kilburn_TH 1.1', 270),
(3, 'Kilburn_TH 1.4', 75),
(4, 'Kilburn_TH 1.3', 80),
(5, 'Kilburn_G23', 74),
(6, 'Kilburn_1.8', 80),
(7, 'Kilburn_1.10', 80),
(8, 'Kilburn_2.25A', 100),
(9, 'Kilburn_2.25B', 100),
(10, 'Kilburn_LF31', 74),
(11, 'Kilburn_2.19', 99),
(12, 'Kilburn_Collab 1', 90),
(13, 'Kilburn_Collab 2', 90),
(14, 'Kilburn_G41', 68),
(15, 'Kilburn_G36', 15),
(16, 'Kilburn_IT406', 10),
(17, 'Kilburn_2.15', 10),
(18, 'Kilburn_IT407', 10),
(19, 'Kilburn_IT Seating Area Ground Floor', 440),
(20, 'Kilburn_LF5', 6),
(21, 'Kilburn_LF6', 6),
(22, 'Kilburn_LF8', 8),
(23, 'Kilburn_Tootill 0', 80),
(24, 'Kilburn_Tootill 1', 80),
(25, 'Kilburn_2.11', 15),
(26, 'Kilburn_Atlas 1', 32),
(27, 'Kilburn_LF Area', 165),
(28, 'Kilburn_Atlas 2', 10),
(29, 'Kilburn_IT401', 10),
(30, 'Kilburn_Mercury', 10);

-- --------------------------------------------------------

--
-- Table structure for table `timetables`
--

CREATE TABLE `timetables` (
  `room_id` int(255) NOT NULL,
  `activity_id` int(255) NOT NULL,
  `week_number` int(255) NOT NULL
) ENGINE=InnoDB DEFAULT CHARSET=utf8mb4;

--
-- Dumping data for table `timetables`
--

INSERT INTO `timetables` (`room_id`, `activity_id`, `week_number`) VALUES
(1, 1, 2),
(1, 1, 3),
(1, 1, 4),
(1, 1, 5),
(1, 1, 6),
(1, 1, 8),
(1, 1, 9),
(1, 1, 10),
(1, 1, 11),
(1, 1, 12),
(1, 1, 13),
(1, 2, 1),
(1, 20, 2),
(1, 20, 3),
(1, 20, 4),
(1, 20, 5),
(1, 20, 6),
(1, 20, 8),
(1, 20, 9),
(1, 20, 10),
(1, 20, 11),
(1, 20, 12),
(1, 22, 21),
(1, 22, 22),
(1, 22, 23),
(1, 22, 24),
(1, 22, 25),
(1, 22, 26),
(1, 22, 27),
(1, 22, 28),
(1, 22, 32),
(1, 22, 33),
(1, 22, 34),
(1, 22, 35),
(1, 26, 6),
(1, 26, 8),
(1, 152, 21),
(1, 152, 22),
(1, 152, 23),
(1, 152, 24),
(1, 152, 25),
(1, 152, 26),
(1, 152, 27),
(1, 152, 28),
(1, 152, 32),
(1, 152, 33),
(1, 152, 34),
(1, 152, 35),
(1, 191, 8),
(1, 191, 9),
(1, 191, 10),
(1, 191, 11),
(1, 191, 12),
(1, 204, 2),
(1, 204, 3),
(1, 204, 4),
(1, 204, 5),
(1, 204, 6),
(1, 204, 7),
(1, 204, 8),
(1, 204, 9),
(1, 204, 10),
(1, 204, 11),
(1, 204, 12),
(1, 204, 13),
(1, 205, 21),
(1, 205, 22),
(1, 205, 23),
(1, 205, 24),
(1, 205, 25),
(1, 205, 26),
(1, 205, 27),
(1, 205, 28),
(1, 205, 32),
(1, 205, 33),
(1, 205, 34),
(1, 205, 35),
(1, 213, 3),
(1, 213, 4),
(1, 213, 5),
(1, 213, 6),
(1, 213, 7),
(1, 213, 8),
(1, 213, 9),
(1, 213, 10),
(1, 213, 11),
(1, 213, 12),
(1, 213, 13),
(1, 216, 21),
(1, 216, 22),
(1, 217, 23),
(1, 218, 25),
(1, 218, 26),
(1, 218, 27),
(1, 219, 28),
(1, 220, 34),
(1, 221, 35),
(1, 229, 2),
(1, 229, 3),
(1, 229, 4),
(1, 229, 5),
(1, 229, 6),
(1, 229, 8),
(1, 229, 9),
(1, 229, 10),
(1, 229, 11),
(1, 229, 12),
(1, 229, 13),
(1, 230, 2),
(1, 230, 3),
(1, 230, 4),
(1, 230, 5),
(1, 230, 6),
(1, 230, 8),
(1, 230, 9),
(1, 230, 10),
(1, 230, 11),
(1, 230, 12),
(1, 230, 13),
(1, 235, 3),
(1, 235, 4),
(1, 235, 5),
(1, 235, 6),
(1, 235, 7),
(1, 235, 9),
(1, 235, 11),
(1, 236, 2),
(1, 236, 3),
(1, 236, 4),
(1, 236, 5),
(1, 236, 6),
(1, 236, 7),
(1, 236, 8),
(1, 236, 9),
(1, 236, 10),
(1, 236, 11),
(1, 236, 12),
(1, 236, 13),
(1, 239, 21),
(1, 239, 22),
(1, 239, 23),
(1, 239, 24),
(1, 239, 25),
(1, 239, 26),
(1, 239, 27),
(1, 239, 28),
(1, 239, 32),
(1, 239, 33),
(1, 239, 34),
(1, 239, 35),
(1, 240, 3),
(1, 240, 4),
(1, 240, 5),
(1, 240, 6),
(1, 240, 8),
(1, 240, 9),
(1, 240, 10),
(1, 240, 11),
(1, 240, 12),
(1, 240, 13),
(1, 243, 21),
(1, 243, 22),
(1, 243, 23),
(1, 243, 24),
(1, 243, 25),
(1, 243, 26),
(1, 243, 27),
(1, 243, 28),
(1, 243, 32),
(1, 243, 33),
(1, 243, 34),
(1, 243, 35),
(1, 252, 21),
(1, 252, 22),
(1, 252, 23),
(1, 252, 24),
(1, 252, 25),
(1, 252, 26),
(1, 252, 27),
(1, 252, 28),
(1, 252, 32),
(1, 252, 33),
(1, 252, 34),
(1, 261, 21),
(1, 261, 22),
(1, 261, 23),
(1, 261, 24),
(1, 261, 25),
(1, 261, 26),
(1, 261, 27),
(1, 261, 28),
(1, 261, 32),
(1, 261, 33),
(1, 261, 34),
(1, 261, 35),
(1, 262, 21),
(1, 262, 22),
(1, 262, 23),
(1, 262, 24),
(1, 262, 25),
(1, 262, 26),
(1, 262, 27),
(1, 262, 28),
(1, 262, 32),
(1, 262, 33),
(1, 262, 34),
(1, 262, 35),
(1, 267, 2),
(1, 267, 3),
(1, 267, 4),
(1, 267, 5),
(1, 267, 6),
(1, 267, 8),
(1, 267, 9),
(1, 267, 10),
(1, 267, 11),
(1, 267, 12),
(1, 267, 13),
(1, 268, 21),
(1, 268, 22),
(1, 268, 23),
(1, 268, 24),
(1, 268, 25),
(1, 268, 26),
(1, 268, 27),
(1, 268, 28),
(1, 268, 32),
(1, 268, 33),
(1, 268, 34),
(1, 268, 35),
(1, 269, 2),
(1, 269, 3),
(1, 269, 4),
(1, 269, 5),
(1, 269, 6),
(1, 269, 8),
(1, 269, 9),
(1, 269, 10),
(1, 269, 11),
(1, 269, 12),
(1, 269, 13),
(1, 270, 21),
(1, 270, 22),
(1, 270, 23),
(1, 270, 24),
(1, 270, 25),
(1, 270, 26),
(1, 270, 27),
(1, 270, 28),
(1, 270, 32),
(1, 270, 33),
(1, 270, 34),
(1, 270, 35),
(1, 277, 21),
(1, 277, 22),
(1, 277, 23),
(1, 277, 24),
(1, 277, 25),
(1, 277, 26),
(1, 277, 27),
(1, 277, 28),
(1, 277, 32),
(1, 277, 33),
(1, 277, 34),
(1, 277, 35),
(1, 287, 21),
(1, 287, 22),
(1, 287, 23),
(1, 287, 24),
(1, 287, 25),
(1, 287, 26),
(1, 288, 2),
(1, 288, 9),
(1, 288, 10),
(1, 288, 11),
(1, 288, 12),
(1, 288, 13),
(1, 289, 23),
(1, 289, 24),
(1, 289, 26),
(1, 289, 28),
(1, 289, 32),
(1, 292, 7),
(1, 295, 21),
(1, 295, 22),
(1, 295, 23),
(1, 295, 24),
(1, 295, 25),
(1, 295, 26),
(1, 295, 27),
(1, 295, 28),
(1, 314, 21),
(1, 314, 22),
(1, 314, 23),
(1, 314, 24),
(1, 314, 25),
(1, 314, 26),
(1, 314, 27),
(1, 314, 28),
(1, 314, 32),
(1, 314, 33),
(1, 314, 34),
(1, 314, 35),
(1, 315, 21),
(1, 315, 22),
(1, 315, 23),
(1, 315, 24),
(1, 315, 25),
(1, 315, 26),
(1, 315, 27),
(1, 315, 28),
(1, 315, 32),
(1, 315, 33),
(1, 315, 34),
(1, 315, 35),
(1, 325, 2),
(1, 325, 3),
(1, 325, 4),
(1, 325, 5),
(1, 325, 8),
(1, 325, 9),
(1, 325, 10),
(1, 325, 11),
(1, 325, 12),
(1, 325, 13),
(1, 326, 6),
(1, 331, 21),
(1, 331, 22),
(1, 331, 23),
(1, 331, 24),
(1, 331, 25),
(1, 331, 26),
(1, 331, 27),
(1, 331, 28),
(1, 331, 32),
(1, 331, 33),
(1, 331, 34),
(1, 331, 35),
(1, 333, 2),
(2, 3, 2),
(2, 3, 3),
(2, 3, 8),
(2, 4, 4),
(2, 4, 5),
(2, 4, 6),
(2, 4, 8),
(2, 4, 9),
(2, 4, 10),
(2, 4, 11),
(2, 4, 12),
(2, 4, 13),
(2, 18, 21),
(2, 18, 22),
(2, 18, 23),
(2, 18, 24),
(2, 18, 25),
(2, 18, 26),
(2, 18, 27),
(2, 18, 28),
(2, 18, 32),
(2, 18, 33),
(2, 18, 34),
(2, 24, 2),
(2, 24, 3),
(2, 24, 4),
(2, 24, 5),
(2, 24, 6),
(2, 24, 8),
(2, 24, 9),
(2, 24, 10),
(2, 24, 11),
(2, 24, 12),
(2, 24, 13),
(2, 124, 21),
(2, 124, 22),
(2, 124, 23),
(2, 124, 24),
(2, 124, 25),
(2, 124, 26),
(2, 124, 27),
(2, 124, 28),
(2, 124, 32),
(2, 124, 33),
(2, 124, 34),
(2, 124, 35),
(2, 146, 2),
(2, 146, 3),
(2, 146, 4),
(2, 146, 5),
(2, 146, 6),
(2, 146, 8),
(2, 146, 9),
(2, 146, 10),
(2, 146, 11),
(2, 146, 12),
(2, 146, 13),
(2, 190, 1),
(2, 198, 31),
(2, 210, 21),
(2, 210, 22),
(2, 210, 23),
(2, 210, 24),
(2, 210, 25),
(2, 210, 26),
(2, 210, 27),
(2, 210, 28),
(2, 210, 32),
(2, 210, 33),
(2, 210, 34),
(2, 210, 35),
(2, 214, 17),
(2, 214, 18),
(2, 214, 19),
(2, 214, 20),
(2, 214, 21),
(2, 214, 22),
(2, 214, 23),
(2, 214, 24),
(2, 214, 25),
(2, 214, 26),
(2, 214, 27),
(2, 214, 28),
(2, 214, 29),
(2, 214, 32),
(2, 214, 34),
(2, 214, 38),
(2, 214, 39),
(2, 214, 40),
(2, 214, 41),
(2, 214, 42),
(2, 214, 43),
(2, 214, 44),
(2, 223, 2),
(2, 223, 3),
(2, 223, 4),
(2, 223, 5),
(2, 223, 6),
(2, 223, 9),
(2, 223, 10),
(2, 231, 21),
(2, 231, 22),
(2, 231, 23),
(2, 231, 24),
(2, 231, 25),
(2, 231, 26),
(2, 231, 27),
(2, 231, 28),
(2, 231, 32),
(2, 231, 33),
(2, 232, 19),
(2, 233, 2),
(2, 233, 3),
(2, 233, 4),
(2, 233, 5),
(2, 233, 6),
(2, 233, 7),
(2, 233, 8),
(2, 233, 9),
(2, 233, 10),
(2, 233, 11),
(2, 233, 12),
(2, 233, 13),
(2, 238, 2),
(2, 238, 3),
(2, 238, 4),
(2, 238, 5),
(2, 238, 6),
(2, 238, 8),
(2, 238, 9),
(2, 238, 10),
(2, 238, 11),
(2, 238, 12),
(2, 238, 13),
(2, 249, 23),
(2, 253, 5),
(2, 253, 6),
(2, 253, 8),
(2, 253, 10),
(2, 253, 12),
(2, 253, 13),
(2, 256, 2),
(2, 256, 4),
(2, 256, 6),
(2, 256, 8),
(2, 256, 10),
(2, 256, 12),
(2, 256, 13),
(2, 260, 21),
(2, 263, 21),
(2, 263, 22),
(2, 263, 23),
(2, 263, 24),
(2, 263, 25),
(2, 263, 26),
(2, 263, 27),
(2, 263, 28),
(2, 263, 32),
(2, 263, 33),
(2, 263, 34),
(2, 263, 35),
(2, 272, 1),
(2, 290, 2),
(2, 290, 3),
(2, 290, 4),
(2, 290, 5),
(2, 290, 6),
(2, 290, 7),
(2, 290, 8),
(2, 290, 9),
(2, 290, 10),
(2, 290, 11),
(2, 290, 12),
(2, 290, 13),
(2, 291, 4),
(2, 291, 9),
(2, 291, 12),
(2, 293, 21),
(2, 293, 22),
(2, 293, 23),
(2, 293, 24),
(2, 293, 25),
(2, 293, 26),
(2, 293, 27),
(2, 293, 28),
(2, 296, 2),
(2, 296, 3),
(2, 296, 4),
(2, 296, 5),
(2, 296, 6),
(2, 296, 8),
(2, 296, 9),
(2, 296, 10),
(2, 296, 11),
(2, 296, 12),
(2, 298, 2),
(2, 298, 3),
(2, 298, 4),
(2, 298, 5),
(2, 298, 6),
(2, 298, 8),
(2, 298, 9),
(2, 298, 10),
(2, 298, 11),
(2, 298, 12),
(2, 304, 39),
(2, 305, 39),
(2, 311, 2),
(2, 311, 3),
(2, 311, 4),
(2, 311, 5),
(2, 311, 6),
(2, 311, 8),
(2, 311, 9),
(2, 311, 10),
(2, 311, 11),
(2, 311, 12),
(2, 311, 13),
(2, 312, 21),
(2, 312, 22),
(2, 312, 23),
(2, 312, 24),
(2, 312, 25),
(2, 312, 26),
(2, 312, 27),
(2, 312, 28),
(2, 312, 32),
(2, 312, 33),
(2, 312, 34),
(2, 312, 35),
(2, 320, 4),
(2, 320, 6),
(2, 320, 9),
(2, 320, 11),
(2, 322, 21),
(2, 322, 22),
(2, 322, 23),
(2, 322, 24),
(2, 322, 25),
(2, 322, 26),
(2, 322, 27),
(2, 322, 28),
(2, 322, 32),
(2, 322, 33),
(2, 322, 34),
(2, 327, 21),
(2, 327, 22),
(2, 327, 23),
(2, 327, 24),
(2, 327, 25),
(2, 327, 26),
(2, 327, 27),
(2, 327, 28),
(2, 327, 32),
(2, 327, 33),
(2, 327, 34),
(2, 327, 35),
(2, 328, 2),
(2, 328, 3),
(2, 328, 4),
(2, 328, 9),
(2, 328, 10),
(2, 328, 11),
(2, 329, 23),
(2, 329, 25),
(2, 329, 27),
(2, 329, 32),
(2, 335, 1),
(2, 336, 1),
(3, 5, 2),
(3, 5, 3),
(3, 5, 4),
(3, 5, 5),
(3, 5, 6),
(3, 5, 7),
(3, 6, 2),
(3, 6, 3),
(3, 6, 4),
(3, 6, 5),
(3, 6, 6),
(3, 6, 7),
(3, 7, 21),
(3, 7, 22),
(3, 7, 23),
(3, 7, 24),
(3, 7, 25),
(3, 7, 26),
(3, 8, 3),
(3, 8, 7),
(3, 9, 21),
(3, 9, 22),
(3, 9, 23),
(3, 9, 24),
(3, 9, 25),
(3, 9, 26),
(3, 10, 21),
(3, 10, 22),
(3, 10, 23),
(3, 10, 24),
(3, 10, 25),
(3, 10, 26),
(3, 11, 2),
(3, 11, 3),
(3, 11, 4),
(3, 11, 5),
(3, 11, 6),
(3, 11, 7),
(3, 12, 2),
(3, 12, 3),
(3, 12, 4),
(3, 12, 5),
(3, 12, 6),
(3, 12, 7),
(3, 13, 2),
(3, 13, 3),
(3, 13, 4),
(3, 13, 5),
(3, 13, 6),
(3, 13, 7),
(3, 14, 21),
(3, 14, 22),
(3, 14, 23),
(3, 14, 24),
(3, 14, 25),
(3, 14, 26),
(3, 15, 22),
(3, 15, 26),
(3, 16, 2),
(3, 16, 3),
(3, 16, 4),
(3, 16, 5),
(3, 16, 6),
(3, 16, 8),
(3, 16, 9),
(3, 16, 10),
(3, 16, 11),
(3, 16, 12),
(3, 16, 13),
(3, 19, 2),
(3, 19, 3),
(3, 19, 4),
(3, 19, 5),
(3, 19, 6),
(3, 19, 8),
(3, 19, 9),
(3, 19, 10),
(3, 19, 11),
(3, 19, 12),
(3, 21, 2),
(3, 21, 3),
(3, 21, 4),
(3, 21, 5),
(3, 21, 6),
(3, 21, 8),
(3, 21, 9),
(3, 21, 10),
(3, 21, 11),
(3, 21, 12),
(3, 21, 13),
(3, 23, 21),
(3, 23, 22),
(3, 23, 23),
(3, 23, 24),
(3, 23, 25),
(3, 23, 26),
(3, 23, 27),
(3, 23, 28),
(3, 23, 32),
(3, 23, 33),
(3, 23, 34),
(3, 23, 35),
(3, 25, 2),
(3, 25, 5),
(3, 25, 8),
(3, 25, 10),
(3, 25, 11),
(3, 222, 3),
(3, 222, 4),
(3, 222, 5),
(3, 222, 6),
(3, 222, 8),
(3, 222, 9),
(3, 222, 10),
(3, 222, 11),
(3, 222, 12),
(3, 222, 13),
(3, 225, 21),
(3, 225, 22),
(3, 225, 23),
(3, 225, 24),
(3, 225, 25),
(3, 225, 26),
(3, 225, 27),
(3, 225, 28),
(3, 225, 32),
(3, 225, 33),
(3, 225, 34),
(3, 225, 35),
(3, 237, 21),
(3, 237, 22),
(3, 237, 23),
(3, 237, 24),
(3, 237, 25),
(3, 237, 26),
(3, 237, 27),
(3, 237, 28),
(3, 237, 32),
(3, 237, 33),
(3, 237, 34),
(3, 237, 35),
(3, 246, 21),
(3, 246, 22),
(3, 246, 23),
(3, 246, 24),
(3, 246, 25),
(3, 246, 26),
(3, 246, 27),
(3, 246, 28),
(3, 246, 32),
(3, 246, 33),
(3, 246, 34),
(3, 247, 21),
(3, 247, 22),
(3, 247, 23),
(3, 247, 24),
(3, 247, 25),
(3, 247, 26),
(3, 247, 27),
(3, 247, 28),
(3, 247, 32),
(3, 247, 33),
(3, 247, 34),
(3, 247, 35),
(3, 248, 21),
(3, 248, 22),
(3, 248, 23),
(3, 248, 24),
(3, 248, 25),
(3, 248, 26),
(3, 248, 27),
(3, 248, 28),
(3, 248, 32),
(3, 248, 33),
(3, 248, 34),
(3, 248, 35),
(3, 250, 23),
(3, 254, 21),
(3, 254, 22),
(3, 254, 23),
(3, 254, 24),
(3, 254, 25),
(3, 254, 26),
(3, 254, 27),
(3, 254, 28),
(3, 254, 32),
(3, 254, 33),
(3, 254, 34),
(3, 259, 2),
(3, 259, 3),
(3, 259, 4),
(3, 259, 5),
(3, 259, 6),
(3, 259, 7),
(3, 259, 8),
(3, 259, 9),
(3, 259, 10),
(3, 259, 11),
(3, 259, 12),
(3, 259, 13),
(3, 264, 21),
(3, 264, 22),
(3, 264, 23),
(3, 264, 24),
(3, 264, 25),
(3, 264, 26),
(3, 264, 27),
(3, 264, 28),
(3, 264, 32),
(3, 264, 33),
(3, 264, 34),
(3, 264, 35),
(3, 266, 2),
(3, 266, 3),
(3, 266, 4),
(3, 266, 5),
(3, 266, 6),
(3, 266, 8),
(3, 266, 9),
(3, 266, 10),
(3, 266, 11),
(3, 266, 12),
(3, 266, 13),
(3, 271, 2),
(3, 271, 3),
(3, 271, 4),
(3, 271, 5),
(3, 271, 6),
(3, 271, 8),
(3, 271, 9),
(3, 271, 10),
(3, 271, 11),
(3, 271, 12),
(3, 271, 13),
(3, 275, 2),
(3, 275, 3),
(3, 275, 4),
(3, 275, 5),
(3, 275, 8),
(3, 275, 10),
(3, 275, 11),
(3, 275, 13),
(3, 278, 27),
(3, 279, 27),
(3, 280, 24),
(3, 280, 25),
(3, 280, 26),
(3, 281, 20),
(3, 281, 21),
(3, 281, 22),
(3, 282, 20),
(3, 282, 21),
(3, 282, 22),
(3, 283, 28),
(3, 283, 29),
(3, 283, 32),
(3, 283, 33),
(3, 283, 34),
(3, 284, 28),
(3, 284, 29),
(3, 284, 32),
(3, 284, 33),
(3, 284, 34),
(3, 285, 28),
(3, 285, 29),
(3, 285, 32),
(3, 285, 33),
(3, 285, 34),
(3, 286, 28),
(3, 286, 29),
(3, 286, 32),
(3, 286, 33),
(3, 286, 34),
(3, 294, 2),
(3, 294, 3),
(3, 294, 4),
(3, 294, 5),
(3, 294, 6),
(3, 294, 8),
(3, 294, 9),
(3, 294, 10),
(3, 294, 11),
(3, 299, 26),
(3, 300, 40),
(3, 301, 25),
(3, 302, 23),
(3, 303, 21),
(3, 306, 22),
(3, 307, 12),
(3, 308, 35),
(3, 310, 2),
(3, 310, 3),
(3, 310, 4),
(3, 310, 5),
(3, 310, 6),
(3, 310, 8),
(3, 310, 9),
(3, 310, 10),
(3, 310, 11),
(3, 310, 12),
(3, 310, 13),
(3, 316, 2),
(3, 316, 3),
(3, 316, 4),
(3, 316, 5),
(3, 318, 21),
(3, 318, 22),
(3, 318, 27),
(3, 324, 21),
(3, 324, 22),
(3, 324, 23),
(3, 324, 24),
(3, 324, 25),
(3, 324, 26),
(3, 324, 27),
(3, 324, 28),
(3, 324, 32),
(3, 324, 33),
(3, 324, 34),
(3, 324, 35),
(3, 330, 2),
(3, 330, 6),
(3, 330, 8),
(3, 330, 12),
(3, 330, 13),
(3, 332, 2),
(3, 332, 3),
(3, 332, 4),
(3, 332, 5),
(3, 332, 6),
(3, 332, 8),
(3, 332, 9),
(3, 332, 10),
(3, 332, 11),
(3, 332, 12),
(3, 332, 13),
(4, 17, 3),
(4, 17, 6),
(4, 17, 10),
(4, 155, 21),
(4, 155, 22),
(4, 155, 23),
(4, 155, 24),
(4, 155, 25),
(4, 155, 26),
(4, 155, 27),
(4, 155, 28),
(4, 155, 32),
(4, 155, 33),
(4, 155, 34),
(4, 156, 21),
(4, 156, 22),
(4, 156, 23),
(4, 156, 24),
(4, 156, 25),
(4, 156, 26),
(4, 156, 27),
(4, 156, 28),
(4, 156, 32),
(4, 156, 33),
(4, 156, 34),
(4, 179, 8),
(4, 179, 9),
(4, 179, 10),
(4, 179, 11),
(4, 179, 12),
(4, 192, 21),
(4, 192, 22),
(4, 192, 23),
(4, 192, 24),
(4, 192, 25),
(4, 192, 26),
(4, 192, 27),
(4, 192, 28),
(4, 192, 32),
(4, 192, 33),
(4, 192, 34),
(4, 192, 35),
(4, 199, 31),
(4, 200, 31),
(4, 201, 31),
(4, 212, 1),
(4, 215, 2),
(4, 215, 3),
(4, 215, 4),
(4, 215, 5),
(4, 224, 21),
(4, 224, 22),
(4, 224, 23),
(4, 224, 24),
(4, 224, 25),
(4, 224, 26),
(4, 224, 27),
(4, 224, 28),
(4, 224, 32),
(4, 224, 33),
(4, 224, 34),
(4, 224, 35),
(4, 226, 21),
(4, 226, 22),
(4, 226, 23),
(4, 226, 24),
(4, 226, 25),
(4, 226, 26),
(4, 226, 27),
(4, 226, 28),
(4, 226, 32),
(4, 226, 33),
(4, 226, 34),
(4, 226, 35),
(4, 227, 21),
(4, 227, 22),
(4, 227, 23),
(4, 227, 24),
(4, 227, 25),
(4, 227, 26),
(4, 227, 27),
(4, 227, 28),
(4, 227, 32),
(4, 227, 33),
(4, 227, 34),
(4, 227, 35),
(4, 228, 2),
(4, 228, 3),
(4, 228, 4),
(4, 228, 5),
(4, 228, 6),
(4, 228, 8),
(4, 228, 9),
(4, 228, 10),
(4, 228, 11),
(4, 228, 12),
(4, 228, 13),
(4, 234, 3),
(4, 234, 4),
(4, 234, 5),
(4, 234, 6),
(4, 234, 7),
(4, 234, 9),
(4, 234, 11),
(4, 242, 23),
(4, 242, 24),
(4, 242, 25),
(4, 242, 26),
(4, 242, 27),
(4, 242, 28),
(4, 242, 32),
(4, 244, 2),
(4, 244, 3),
(4, 244, 4),
(4, 244, 5),
(4, 244, 6),
(4, 244, 8),
(4, 244, 9),
(4, 244, 10),
(4, 244, 11),
(4, 244, 12),
(4, 244, 13),
(4, 245, 21),
(4, 245, 22),
(4, 245, 23),
(4, 245, 24),
(4, 245, 25),
(4, 245, 26),
(4, 245, 27),
(4, 245, 28),
(4, 245, 32),
(4, 245, 33),
(4, 245, 34),
(4, 245, 35),
(4, 251, 2),
(4, 251, 3),
(4, 251, 4),
(4, 251, 5),
(4, 251, 6),
(4, 251, 8),
(4, 251, 9),
(4, 251, 10),
(4, 251, 11),
(4, 251, 12),
(4, 251, 13),
(4, 255, 21),
(4, 255, 22),
(4, 255, 23),
(4, 255, 24),
(4, 255, 25),
(4, 255, 26),
(4, 255, 27),
(4, 255, 28),
(4, 255, 32),
(4, 255, 33),
(4, 255, 34),
(4, 257, 2),
(4, 257, 3),
(4, 257, 4),
(4, 257, 5),
(4, 257, 6),
(4, 257, 8),
(4, 257, 9),
(4, 257, 10),
(4, 257, 11),
(4, 257, 12),
(4, 257, 13),
(4, 258, 2),
(4, 258, 3),
(4, 258, 4),
(4, 258, 5),
(4, 258, 6),
(4, 258, 8),
(4, 258, 9),
(4, 258, 10),
(4, 258, 11),
(4, 258, 12),
(4, 258, 13),
(4, 265, 2),
(4, 265, 3),
(4, 265, 4),
(4, 265, 5),
(4, 265, 6),
(4, 265, 8),
(4, 265, 9),
(4, 265, 10),
(4, 265, 11),
(4, 265, 12),
(4, 265, 13),
(4, 273, 21),
(4, 273, 23),
(4, 273, 24),
(4, 273, 26),
(4, 273, 28),
(4, 273, 33),
(4, 273, 34),
(4, 274, 22),
(4, 274, 25),
(4, 274, 27),
(4, 274, 32),
(4, 276, 2),
(4, 276, 3),
(4, 276, 4),
(4, 276, 8),
(4, 276, 9),
(4, 276, 10),
(4, 297, 2),
(4, 297, 3),
(4, 297, 4),
(4, 297, 5),
(4, 297, 6),
(4, 297, 8),
(4, 297, 9),
(4, 297, 10),
(4, 309, 2),
(4, 313, 21),
(4, 313, 22),
(4, 313, 23),
(4, 313, 24),
(4, 313, 25),
(4, 313, 26),
(4, 313, 27),
(4, 313, 28),
(4, 313, 32),
(4, 313, 33),
(4, 313, 34),
(4, 313, 35),
(4, 317, 21),
(4, 317, 22),
(4, 317, 23),
(4, 317, 24),
(4, 317, 25),
(4, 317, 26),
(4, 317, 27),
(4, 317, 28),
(4, 317, 32),
(4, 317, 33),
(4, 317, 34),
(4, 317, 35),
(4, 319, 13),
(4, 321, 21),
(4, 321, 22),
(4, 321, 23),
(4, 323, 21),
(4, 323, 22),
(4, 323, 23),
(4, 323, 24),
(4, 323, 25),
(4, 323, 26),
(4, 323, 27),
(4, 323, 28),
(4, 323, 32),
(4, 323, 33),
(4, 323, 34),
(4, 334, 2),
(5, 27, 3),
(5, 27, 4),
(5, 27, 5),
(5, 27, 6),
(5, 27, 8),
(5, 27, 9),
(5, 27, 10),
(5, 27, 11),
(5, 27, 13),
(5, 35, 32),
(5, 50, 22),
(5, 50, 24),
(5, 50, 26),
(5, 50, 28),
(5, 50, 33),
(5, 59, 23),
(5, 59, 25),
(5, 59, 27),
(5, 59, 32),
(5, 59, 34),
(5, 59, 35),
(5, 60, 21),
(5, 60, 22),
(5, 60, 23),
(5, 60, 24),
(5, 60, 25),
(5, 60, 26),
(5, 60, 27),
(5, 60, 28),
(5, 60, 32),
(5, 60, 33),
(5, 60, 34),
(5, 60, 35),
(5, 103, 3),
(5, 103, 4),
(5, 103, 5),
(5, 103, 6),
(5, 103, 8),
(5, 103, 9),
(5, 103, 10),
(5, 103, 11),
(5, 103, 12),
(5, 104, 3),
(5, 104, 4),
(5, 104, 5),
(5, 104, 6),
(5, 104, 8),
(5, 104, 9),
(5, 104, 10),
(5, 104, 11),
(5, 104, 12),
(5, 106, 2),
(5, 106, 3),
(5, 106, 4),
(5, 106, 5),
(5, 106, 6),
(5, 106, 8),
(5, 106, 9),
(5, 106, 10),
(5, 106, 11),
(5, 106, 12),
(5, 106, 13),
(5, 117, 21),
(5, 117, 22),
(5, 117, 23),
(5, 117, 24),
(5, 117, 25),
(5, 117, 26),
(5, 117, 27),
(5, 117, 28),
(5, 117, 32),
(5, 117, 33),
(5, 117, 34),
(5, 117, 35),
(6, 28, 3),
(6, 28, 4),
(6, 28, 5),
(6, 28, 6),
(6, 28, 8),
(6, 28, 9),
(6, 28, 10),
(6, 28, 11),
(6, 28, 12),
(6, 28, 13),
(6, 29, 3),
(6, 29, 4),
(6, 29, 5),
(6, 29, 6),
(6, 29, 8),
(6, 29, 9),
(6, 29, 10),
(6, 29, 11),
(6, 29, 12),
(6, 29, 13),
(6, 30, 3),
(6, 30, 4),
(6, 30, 5),
(6, 30, 6),
(6, 30, 8),
(6, 30, 9),
(6, 30, 10),
(6, 30, 11),
(6, 30, 12),
(6, 30, 13),
(6, 31, 3),
(6, 31, 4),
(6, 31, 5),
(6, 31, 6),
(6, 31, 8),
(6, 31, 9),
(6, 31, 10),
(6, 31, 11),
(6, 31, 12),
(6, 31, 13),
(6, 32, 21),
(6, 32, 22),
(6, 32, 23),
(6, 32, 24),
(6, 32, 25),
(6, 32, 26),
(6, 32, 27),
(6, 32, 28),
(6, 36, 32),
(6, 45, 3),
(6, 45, 4),
(6, 45, 5),
(6, 45, 6),
(6, 45, 8),
(6, 45, 9),
(6, 45, 10),
(6, 45, 11),
(6, 45, 12),
(6, 45, 13),
(6, 46, 3),
(6, 46, 4),
(6, 46, 5),
(6, 46, 6),
(6, 46, 8),
(6, 46, 9),
(6, 46, 10),
(6, 46, 11),
(6, 46, 12),
(6, 46, 13),
(6, 48, 22),
(6, 48, 24),
(6, 48, 26),
(6, 48, 28),
(6, 48, 33),
(6, 49, 22),
(6, 49, 24),
(6, 49, 26),
(6, 49, 28),
(6, 49, 33),
(6, 53, 3),
(6, 53, 4),
(6, 53, 5),
(6, 53, 6),
(6, 53, 8),
(6, 53, 9),
(6, 53, 10),
(6, 53, 13),
(6, 54, 3),
(6, 54, 4),
(6, 54, 5),
(6, 54, 6),
(6, 54, 8),
(6, 54, 9),
(6, 54, 10),
(6, 54, 13),
(6, 55, 3),
(6, 55, 4),
(6, 55, 5),
(6, 55, 6),
(6, 55, 8),
(6, 55, 9),
(6, 55, 10),
(6, 55, 13),
(6, 57, 3),
(6, 57, 4),
(6, 57, 5),
(6, 57, 6),
(6, 57, 8),
(6, 57, 9),
(6, 57, 10),
(6, 57, 13),
(6, 58, 23),
(6, 58, 25),
(6, 58, 27),
(6, 58, 32),
(6, 58, 34),
(6, 58, 35),
(6, 105, 2),
(6, 105, 3),
(6, 105, 4),
(6, 105, 5),
(6, 105, 6),
(6, 105, 8),
(6, 105, 9),
(6, 105, 10),
(6, 105, 11),
(6, 105, 12),
(6, 105, 13),
(6, 109, 2),
(6, 109, 3),
(6, 109, 4),
(6, 109, 5),
(6, 109, 6),
(6, 109, 8),
(6, 109, 9),
(6, 109, 10),
(6, 109, 11),
(6, 109, 12),
(6, 109, 13),
(6, 110, 2),
(6, 110, 3),
(6, 110, 4),
(6, 110, 5),
(6, 110, 6),
(6, 110, 8),
(6, 110, 9),
(6, 110, 10),
(6, 110, 11),
(6, 110, 12),
(6, 110, 13),
(6, 113, 2),
(6, 113, 3),
(6, 113, 4),
(6, 113, 5),
(6, 113, 6),
(6, 113, 8),
(6, 113, 9),
(6, 113, 10),
(6, 113, 11),
(6, 113, 12),
(6, 115, 2),
(6, 115, 3),
(6, 115, 4),
(6, 115, 5),
(6, 115, 6),
(6, 115, 8),
(6, 115, 9),
(6, 115, 10),
(6, 115, 11),
(6, 115, 12),
(6, 116, 21),
(6, 116, 22),
(6, 116, 23),
(6, 116, 24),
(6, 116, 25),
(6, 116, 26),
(6, 116, 27),
(6, 116, 28),
(6, 116, 32),
(6, 116, 33),
(6, 116, 34),
(6, 116, 35),
(6, 120, 4),
(6, 120, 6),
(6, 120, 9),
(6, 120, 11),
(6, 127, 3),
(6, 127, 5),
(6, 127, 8),
(6, 127, 10),
(6, 127, 12),
(6, 127, 13),
(6, 128, 3),
(6, 128, 5),
(6, 128, 8),
(6, 128, 10),
(6, 128, 12),
(6, 128, 13),
(6, 129, 3),
(6, 129, 5),
(6, 129, 8),
(6, 129, 10),
(6, 129, 12),
(6, 129, 13),
(6, 130, 22),
(6, 130, 24),
(6, 130, 26),
(6, 130, 28),
(6, 130, 33),
(6, 130, 35),
(6, 131, 22),
(6, 131, 24),
(6, 131, 26),
(6, 131, 28),
(6, 131, 33),
(6, 131, 35),
(6, 132, 22),
(6, 132, 24),
(6, 132, 26),
(6, 132, 28),
(6, 132, 33),
(6, 132, 35),
(6, 133, 21),
(6, 133, 22),
(6, 133, 23),
(6, 133, 24),
(6, 133, 25),
(6, 133, 26),
(6, 133, 27),
(6, 133, 28),
(6, 133, 32),
(6, 133, 33),
(6, 133, 34),
(6, 133, 35),
(6, 149, 25),
(6, 149, 26),
(6, 149, 27),
(6, 149, 28),
(6, 157, 22),
(6, 157, 23),
(6, 157, 24),
(6, 157, 25),
(6, 157, 26),
(6, 157, 27),
(6, 157, 28),
(6, 157, 32),
(6, 157, 33),
(6, 157, 34),
(6, 158, 9),
(6, 174, 27),
(6, 174, 28),
(6, 174, 32),
(6, 174, 33),
(6, 174, 34),
(7, 28, 3),
(7, 28, 4),
(7, 28, 5),
(7, 28, 6),
(7, 28, 8),
(7, 28, 9),
(7, 28, 10),
(7, 28, 11),
(7, 28, 12),
(7, 28, 13),
(7, 29, 3),
(7, 29, 4),
(7, 29, 5),
(7, 29, 6),
(7, 29, 8),
(7, 29, 9),
(7, 29, 10),
(7, 29, 11),
(7, 29, 12),
(7, 29, 13),
(7, 30, 3),
(7, 30, 4),
(7, 30, 5),
(7, 30, 6),
(7, 30, 8),
(7, 30, 9),
(7, 30, 10),
(7, 30, 11),
(7, 30, 12),
(7, 30, 13),
(7, 31, 3),
(7, 31, 4),
(7, 31, 5),
(7, 31, 6),
(7, 31, 8),
(7, 31, 9),
(7, 31, 10),
(7, 31, 11),
(7, 31, 12),
(7, 31, 13),
(7, 32, 21),
(7, 32, 22),
(7, 32, 23),
(7, 32, 24),
(7, 32, 25),
(7, 32, 26),
(7, 32, 27),
(7, 32, 28),
(7, 36, 32),
(7, 45, 3),
(7, 45, 4),
(7, 45, 5),
(7, 45, 6),
(7, 45, 8),
(7, 45, 9),
(7, 45, 10),
(7, 45, 11),
(7, 45, 12),
(7, 45, 13),
(7, 46, 3),
(7, 46, 4),
(7, 46, 5),
(7, 46, 6),
(7, 46, 8),
(7, 46, 9),
(7, 46, 10),
(7, 46, 11),
(7, 46, 12),
(7, 46, 13),
(7, 48, 22),
(7, 48, 24),
(7, 48, 26),
(7, 48, 28),
(7, 48, 33),
(7, 49, 22),
(7, 49, 24),
(7, 49, 26),
(7, 49, 28),
(7, 49, 33),
(7, 53, 3),
(7, 53, 4),
(7, 53, 5),
(7, 53, 6),
(7, 53, 8),
(7, 53, 9),
(7, 53, 10),
(7, 53, 13),
(7, 54, 3),
(7, 54, 4),
(7, 54, 5),
(7, 54, 6),
(7, 54, 8),
(7, 54, 9),
(7, 54, 10),
(7, 54, 13),
(7, 55, 3),
(7, 55, 4),
(7, 55, 5),
(7, 55, 6),
(7, 55, 8),
(7, 55, 9),
(7, 55, 10),
(7, 55, 13),
(7, 57, 3),
(7, 57, 4),
(7, 57, 5),
(7, 57, 6),
(7, 57, 8),
(7, 57, 9),
(7, 57, 10),
(7, 57, 13),
(7, 58, 23),
(7, 58, 25),
(7, 58, 27),
(7, 58, 32),
(7, 58, 34),
(7, 58, 35),
(7, 105, 2),
(7, 105, 3),
(7, 105, 4),
(7, 105, 5),
(7, 105, 6),
(7, 105, 8),
(7, 105, 9),
(7, 105, 10),
(7, 105, 11),
(7, 105, 12),
(7, 105, 13),
(7, 109, 2),
(7, 109, 3),
(7, 109, 4),
(7, 109, 5),
(7, 109, 6),
(7, 109, 8),
(7, 109, 9),
(7, 109, 10),
(7, 109, 11),
(7, 109, 12),
(7, 109, 13),
(7, 110, 2),
(7, 110, 3),
(7, 110, 4),
(7, 110, 5),
(7, 110, 6),
(7, 110, 8),
(7, 110, 9),
(7, 110, 10),
(7, 110, 11),
(7, 110, 12),
(7, 110, 13),
(7, 113, 2),
(7, 113, 3),
(7, 113, 4),
(7, 113, 5),
(7, 113, 6),
(7, 113, 8),
(7, 113, 9),
(7, 113, 10),
(7, 113, 11),
(7, 113, 12),
(7, 115, 2),
(7, 115, 3),
(7, 115, 4),
(7, 115, 5),
(7, 115, 6),
(7, 115, 8),
(7, 115, 9),
(7, 115, 10),
(7, 115, 11),
(7, 115, 12),
(7, 116, 21),
(7, 116, 22),
(7, 116, 23),
(7, 116, 24),
(7, 116, 25),
(7, 116, 26),
(7, 116, 27),
(7, 116, 28),
(7, 116, 32),
(7, 116, 33),
(7, 116, 34),
(7, 116, 35),
(7, 120, 4),
(7, 120, 6),
(7, 120, 9),
(7, 120, 11),
(7, 121, 22),
(7, 121, 24),
(7, 121, 26),
(7, 121, 28),
(7, 121, 33),
(7, 121, 35),
(7, 122, 22),
(7, 122, 24),
(7, 122, 26),
(7, 122, 28),
(7, 122, 33),
(7, 122, 35),
(7, 123, 22),
(7, 123, 24),
(7, 123, 26),
(7, 123, 28),
(7, 123, 33),
(7, 123, 35),
(7, 127, 3),
(7, 127, 5),
(7, 127, 8),
(7, 127, 10),
(7, 127, 12),
(7, 127, 13),
(7, 128, 3),
(7, 128, 5),
(7, 128, 8),
(7, 128, 10),
(7, 128, 12),
(7, 128, 13),
(7, 129, 3),
(7, 129, 5),
(7, 129, 8),
(7, 129, 10),
(7, 129, 12),
(7, 129, 13),
(7, 130, 22),
(7, 130, 24),
(7, 130, 26),
(7, 130, 28),
(7, 130, 33),
(7, 130, 35),
(7, 131, 22),
(7, 131, 24),
(7, 131, 26),
(7, 131, 28),
(7, 131, 33),
(7, 131, 35),
(7, 132, 22),
(7, 132, 24),
(7, 132, 26),
(7, 132, 28),
(7, 132, 33),
(7, 132, 35),
(7, 133, 21),
(7, 133, 22),
(7, 133, 23),
(7, 133, 24),
(7, 133, 25),
(7, 133, 26),
(7, 133, 27),
(7, 133, 28),
(7, 133, 32),
(7, 133, 33),
(7, 133, 34),
(7, 133, 35),
(7, 134, 23),
(7, 134, 25),
(7, 134, 27),
(7, 134, 32),
(7, 134, 34),
(7, 135, 23),
(7, 135, 25),
(7, 135, 27),
(7, 135, 32),
(7, 135, 34),
(7, 136, 23),
(7, 136, 25),
(7, 136, 27),
(7, 136, 32),
(7, 136, 34),
(7, 137, 23),
(7, 137, 25),
(7, 137, 27),
(7, 137, 32),
(7, 137, 34),
(7, 149, 25),
(7, 149, 26),
(7, 149, 27),
(7, 149, 28),
(7, 157, 22),
(7, 157, 23),
(7, 157, 24),
(7, 157, 25),
(7, 157, 26),
(7, 157, 27),
(7, 157, 28),
(7, 157, 32),
(7, 157, 33),
(7, 157, 34),
(7, 158, 9),
(7, 174, 27),
(7, 174, 28),
(7, 174, 32),
(7, 174, 33),
(7, 174, 34),
(8, 33, 32),
(8, 44, 3),
(8, 44, 4),
(8, 44, 5),
(8, 44, 6),
(8, 44, 8),
(8, 44, 9),
(8, 44, 10),
(8, 44, 11),
(8, 44, 12),
(8, 44, 13),
(8, 47, 3),
(8, 47, 4),
(8, 47, 5),
(8, 47, 6),
(8, 47, 8),
(8, 47, 9),
(8, 47, 10),
(8, 47, 11),
(8, 47, 12),
(8, 47, 13),
(8, 56, 3),
(8, 56, 4),
(8, 56, 5),
(8, 56, 6),
(8, 56, 8),
(8, 56, 9),
(8, 56, 10),
(8, 56, 13),
(8, 68, 1),
(8, 118, 21),
(8, 118, 22),
(8, 118, 23),
(8, 118, 24),
(8, 118, 25),
(8, 118, 26),
(8, 118, 27),
(8, 118, 28),
(8, 118, 32),
(8, 118, 33),
(8, 118, 34),
(8, 175, 2),
(8, 175, 3),
(8, 175, 4),
(8, 175, 5),
(8, 175, 6),
(8, 178, 2),
(8, 178, 3),
(8, 178, 4),
(8, 178, 5),
(8, 178, 6),
(8, 185, 34),
(9, 33, 32),
(9, 44, 3),
(9, 44, 4),
(9, 44, 5),
(9, 44, 6),
(9, 44, 8),
(9, 44, 9),
(9, 44, 10),
(9, 44, 11),
(9, 44, 12),
(9, 44, 13),
(9, 47, 3),
(9, 47, 4),
(9, 47, 5),
(9, 47, 6),
(9, 47, 8),
(9, 47, 9),
(9, 47, 10),
(9, 47, 11),
(9, 47, 12),
(9, 47, 13),
(9, 56, 3),
(9, 56, 4),
(9, 56, 5),
(9, 56, 6),
(9, 56, 8),
(9, 56, 9),
(9, 56, 10),
(9, 56, 13),
(9, 68, 1),
(9, 118, 21),
(9, 118, 22),
(9, 118, 23),
(9, 118, 24),
(9, 118, 25),
(9, 118, 26),
(9, 118, 27),
(9, 118, 28),
(9, 118, 32),
(9, 118, 33),
(9, 118, 34),
(9, 160, 22),
(9, 160, 23),
(9, 160, 24),
(9, 160, 25),
(9, 175, 2),
(9, 175, 3),
(9, 175, 4),
(9, 175, 5),
(9, 175, 6),
(9, 178, 2),
(9, 178, 3),
(9, 178, 4),
(9, 178, 5),
(9, 178, 6),
(9, 180, 21),
(9, 180, 22),
(9, 180, 23),
(9, 180, 24),
(9, 180, 25),
(9, 184, 27),
(9, 184, 32),
(9, 184, 33),
(9, 185, 34),
(10, 34, 32),
(10, 107, 2),
(10, 107, 3),
(10, 107, 4),
(10, 107, 5),
(10, 107, 6),
(10, 107, 8),
(10, 107, 9),
(10, 107, 10),
(10, 107, 11),
(10, 107, 12),
(10, 107, 13),
(10, 111, 2),
(10, 111, 3),
(10, 111, 4),
(10, 111, 5),
(10, 111, 6),
(10, 111, 8),
(10, 111, 9),
(10, 111, 10),
(10, 111, 11),
(10, 111, 12),
(10, 111, 13),
(10, 154, 23),
(10, 154, 24),
(10, 154, 25),
(10, 154, 26),
(10, 154, 32),
(10, 154, 33),
(10, 211, 21),
(10, 211, 22),
(10, 211, 23),
(10, 211, 24),
(10, 211, 25),
(10, 211, 26),
(10, 211, 27),
(10, 211, 28),
(10, 211, 32),
(10, 211, 33),
(10, 211, 34),
(10, 211, 35),
(10, 241, 22),
(10, 241, 23),
(10, 241, 24),
(10, 241, 25),
(10, 241, 26),
(10, 241, 27),
(10, 241, 28),
(10, 241, 32),
(10, 241, 33),
(10, 241, 34),
(10, 241, 35),
(11, 37, 21),
(11, 37, 22),
(11, 37, 23),
(11, 37, 24),
(11, 37, 25),
(11, 37, 26),
(11, 37, 27),
(11, 37, 28),
(11, 37, 32),
(11, 37, 33),
(11, 37, 34),
(11, 38, 21),
(11, 38, 22),
(11, 38, 23),
(11, 38, 24),
(11, 38, 25),
(11, 38, 26),
(11, 38, 27),
(11, 38, 28),
(11, 38, 32),
(11, 38, 33),
(11, 38, 34),
(11, 43, 22),
(11, 43, 23),
(11, 43, 24),
(11, 43, 25),
(11, 43, 26),
(11, 43, 27),
(11, 43, 28),
(11, 43, 32),
(11, 43, 33),
(11, 43, 34),
(11, 74, 1),
(11, 78, 3),
(11, 78, 4),
(11, 78, 5),
(11, 78, 6),
(11, 78, 8),
(11, 78, 9),
(11, 78, 10),
(11, 78, 11),
(11, 78, 12),
(11, 78, 13),
(11, 160, 22),
(11, 160, 23),
(11, 160, 24),
(11, 160, 25),
(11, 164, 21),
(11, 164, 22),
(11, 164, 23),
(11, 164, 24),
(11, 164, 25),
(11, 165, 27),
(11, 165, 28),
(11, 165, 32),
(11, 165, 33),
(11, 165, 34),
(11, 169, 8),
(11, 169, 9),
(11, 169, 10),
(11, 169, 11),
(11, 169, 12),
(11, 176, 2),
(11, 176, 3),
(11, 176, 4),
(11, 176, 5),
(11, 176, 6),
(11, 177, 2),
(11, 177, 3),
(11, 177, 4),
(11, 177, 5),
(11, 177, 6),
(11, 186, 27),
(11, 187, 28),
(11, 187, 32),
(11, 187, 33),
(11, 188, 21),
(11, 188, 22),
(11, 188, 23),
(11, 188, 24),
(11, 188, 25),
(11, 188, 26),
(11, 189, 21),
(11, 189, 22),
(11, 189, 23),
(11, 189, 24),
(11, 189, 25),
(11, 189, 26),
(12, 39, 22),
(12, 39, 23),
(12, 39, 24),
(12, 39, 25),
(12, 39, 26),
(12, 39, 27),
(12, 39, 28),
(12, 39, 32),
(12, 39, 33),
(12, 39, 34),
(12, 40, 22),
(12, 40, 23),
(12, 40, 24),
(12, 40, 25),
(12, 40, 26),
(12, 40, 27),
(12, 40, 28),
(12, 40, 32),
(12, 40, 33),
(12, 40, 34),
(12, 41, 22),
(12, 41, 23),
(12, 41, 24),
(12, 41, 25),
(12, 41, 26),
(12, 41, 27),
(12, 41, 28),
(12, 41, 32),
(12, 41, 33),
(12, 41, 34),
(12, 42, 22),
(12, 42, 23),
(12, 42, 24),
(12, 42, 25),
(12, 42, 26),
(12, 42, 27),
(12, 42, 28),
(12, 42, 32),
(12, 42, 33),
(12, 42, 34),
(12, 62, 21),
(12, 62, 22),
(12, 62, 23),
(12, 62, 24),
(12, 62, 25),
(12, 62, 26),
(12, 62, 27),
(12, 62, 28),
(12, 62, 32),
(12, 62, 33),
(12, 62, 34),
(12, 63, 21),
(12, 63, 22),
(12, 63, 23),
(12, 63, 24),
(12, 63, 25),
(12, 63, 26),
(12, 63, 27),
(12, 63, 28),
(12, 63, 32),
(12, 63, 33),
(12, 63, 34),
(12, 64, 21),
(12, 64, 22),
(12, 64, 23),
(12, 64, 24),
(12, 64, 25),
(12, 64, 26),
(12, 64, 27),
(12, 64, 28),
(12, 64, 32),
(12, 64, 33),
(12, 64, 34),
(12, 65, 21),
(12, 65, 22),
(12, 65, 23),
(12, 65, 24),
(12, 65, 25),
(12, 65, 26),
(12, 65, 27),
(12, 65, 28),
(12, 65, 32),
(12, 65, 33),
(12, 65, 34),
(12, 71, 1),
(12, 76, 3),
(12, 76, 4),
(12, 76, 5),
(12, 76, 6),
(12, 76, 8),
(12, 76, 9),
(12, 76, 10),
(12, 76, 11),
(12, 76, 12),
(12, 76, 13),
(12, 77, 3),
(12, 77, 4),
(12, 77, 5),
(12, 77, 6),
(12, 77, 8),
(12, 77, 9),
(12, 77, 10),
(12, 77, 11),
(12, 77, 12),
(12, 77, 13),
(12, 83, 21),
(12, 83, 22),
(12, 83, 23),
(12, 83, 24),
(12, 83, 25),
(12, 83, 26),
(12, 83, 27),
(12, 83, 28),
(12, 83, 32),
(12, 83, 33),
(12, 83, 34),
(12, 83, 35),
(12, 90, 21),
(12, 90, 22),
(12, 90, 23),
(12, 90, 24),
(12, 90, 25),
(12, 90, 26),
(12, 90, 27),
(12, 90, 28),
(12, 90, 32),
(12, 90, 33),
(12, 90, 34),
(12, 93, 4),
(12, 93, 5),
(12, 93, 6),
(12, 93, 8),
(12, 93, 9),
(12, 93, 10),
(12, 93, 11),
(12, 93, 12),
(12, 93, 13),
(12, 94, 4),
(12, 94, 5),
(12, 94, 6),
(12, 94, 8),
(12, 94, 9),
(12, 94, 10),
(12, 94, 11),
(12, 94, 12),
(12, 94, 13),
(12, 139, 2),
(12, 139, 3),
(12, 139, 4),
(12, 139, 5),
(12, 139, 6),
(12, 139, 8),
(12, 139, 9),
(12, 139, 10),
(12, 139, 11),
(12, 139, 12),
(12, 139, 13),
(12, 143, 21),
(12, 143, 22),
(12, 143, 23),
(12, 143, 24),
(12, 143, 25),
(12, 143, 26),
(12, 143, 27),
(12, 143, 28),
(12, 143, 32),
(12, 143, 33),
(12, 143, 34),
(12, 163, 21),
(12, 163, 22),
(12, 163, 23),
(12, 163, 24),
(12, 163, 25),
(12, 166, 27),
(12, 166, 28),
(12, 166, 32),
(12, 166, 33),
(12, 166, 34),
(12, 170, 8),
(12, 170, 9),
(12, 170, 10),
(12, 170, 11),
(12, 170, 12),
(13, 39, 22),
(13, 39, 23),
(13, 39, 24),
(13, 39, 25),
(13, 39, 26),
(13, 39, 27),
(13, 39, 28),
(13, 39, 32),
(13, 39, 33),
(13, 39, 34),
(13, 40, 22),
(13, 40, 23),
(13, 40, 24),
(13, 40, 25),
(13, 40, 26),
(13, 40, 27),
(13, 40, 28),
(13, 40, 32),
(13, 40, 33),
(13, 40, 34),
(13, 41, 22),
(13, 41, 23),
(13, 41, 24),
(13, 41, 25),
(13, 41, 26),
(13, 41, 27),
(13, 41, 28),
(13, 41, 32),
(13, 41, 33),
(13, 41, 34),
(13, 42, 22),
(13, 42, 23),
(13, 42, 24),
(13, 42, 25),
(13, 42, 26),
(13, 42, 27),
(13, 42, 28),
(13, 42, 32),
(13, 42, 33),
(13, 42, 34),
(13, 51, 21),
(13, 51, 22),
(13, 51, 23),
(13, 51, 24),
(13, 51, 25),
(13, 51, 26),
(13, 51, 27),
(13, 51, 28),
(13, 51, 32),
(13, 51, 33),
(13, 51, 34),
(13, 51, 35),
(13, 52, 21),
(13, 52, 22),
(13, 52, 23),
(13, 52, 24),
(13, 52, 25),
(13, 52, 26),
(13, 52, 27),
(13, 52, 28),
(13, 52, 32),
(13, 52, 33),
(13, 52, 34),
(13, 52, 35),
(13, 62, 21),
(13, 62, 22),
(13, 62, 23),
(13, 62, 24),
(13, 62, 25),
(13, 62, 26),
(13, 62, 27),
(13, 62, 28),
(13, 62, 32),
(13, 62, 33),
(13, 62, 34),
(13, 63, 21),
(13, 63, 22),
(13, 63, 23),
(13, 63, 24),
(13, 63, 25),
(13, 63, 26),
(13, 63, 27),
(13, 63, 28),
(13, 63, 32),
(13, 63, 33),
(13, 63, 34),
(13, 64, 21),
(13, 64, 22),
(13, 64, 23),
(13, 64, 24),
(13, 64, 25),
(13, 64, 26),
(13, 64, 27),
(13, 64, 28),
(13, 64, 32),
(13, 64, 33),
(13, 64, 34),
(13, 65, 21),
(13, 65, 22),
(13, 65, 23),
(13, 65, 24),
(13, 65, 25),
(13, 65, 26),
(13, 65, 27),
(13, 65, 28),
(13, 65, 32),
(13, 65, 33),
(13, 65, 34),
(13, 73, 1),
(13, 76, 3),
(13, 76, 4),
(13, 76, 5),
(13, 76, 6),
(13, 76, 8),
(13, 76, 9),
(13, 76, 10),
(13, 76, 11),
(13, 76, 12),
(13, 76, 13),
(13, 77, 3),
(13, 77, 4),
(13, 77, 5),
(13, 77, 6),
(13, 77, 8),
(13, 77, 9),
(13, 77, 10),
(13, 77, 11),
(13, 77, 12),
(13, 77, 13),
(13, 83, 21),
(13, 83, 22),
(13, 83, 23),
(13, 83, 24),
(13, 83, 25),
(13, 83, 26),
(13, 83, 27),
(13, 83, 28),
(13, 83, 32),
(13, 83, 33),
(13, 83, 34),
(13, 83, 35),
(13, 90, 21),
(13, 90, 22),
(13, 90, 23),
(13, 90, 24),
(13, 90, 25),
(13, 90, 26),
(13, 90, 27),
(13, 90, 28),
(13, 90, 32),
(13, 90, 33),
(13, 90, 34),
(13, 93, 4),
(13, 93, 5),
(13, 93, 6),
(13, 93, 8),
(13, 93, 9),
(13, 93, 10),
(13, 93, 11),
(13, 93, 12),
(13, 93, 13),
(13, 94, 4),
(13, 94, 5),
(13, 94, 6),
(13, 94, 8),
(13, 94, 9),
(13, 94, 10),
(13, 94, 11),
(13, 94, 12),
(13, 94, 13),
(13, 139, 2),
(13, 139, 3),
(13, 139, 4),
(13, 139, 5),
(13, 139, 6),
(13, 139, 8),
(13, 139, 9),
(13, 139, 10),
(13, 139, 11),
(13, 139, 12),
(13, 139, 13),
(13, 140, 21),
(13, 140, 22),
(13, 140, 23),
(13, 140, 24),
(13, 140, 25),
(13, 140, 26),
(13, 140, 27),
(13, 140, 28),
(13, 140, 32),
(13, 140, 33),
(13, 140, 34),
(13, 163, 21),
(13, 163, 22),
(13, 163, 23),
(13, 163, 24),
(13, 163, 25),
(13, 166, 27),
(13, 166, 28),
(13, 166, 32),
(13, 166, 33),
(13, 166, 34),
(13, 171, 8),
(13, 171, 9),
(13, 171, 10),
(13, 171, 11),
(13, 171, 12),
(14, 61, 21),
(14, 61, 22),
(14, 61, 23),
(14, 61, 24),
(14, 61, 25),
(14, 61, 26),
(14, 61, 27),
(14, 61, 28),
(14, 61, 32),
(14, 61, 33),
(14, 61, 34),
(14, 61, 35),
(14, 80, 3),
(14, 80, 4),
(14, 80, 5),
(14, 80, 6),
(14, 80, 8),
(14, 80, 9),
(14, 80, 10),
(14, 80, 11),
(14, 80, 12),
(14, 80, 13),
(14, 84, 21),
(14, 84, 22),
(14, 84, 23),
(14, 84, 24),
(14, 84, 25),
(14, 84, 26),
(14, 84, 27),
(14, 84, 28),
(14, 84, 32),
(14, 84, 33),
(14, 84, 34),
(14, 84, 35),
(14, 142, 21),
(14, 142, 22),
(14, 142, 23),
(14, 142, 24),
(14, 142, 25),
(14, 142, 26),
(14, 142, 27),
(14, 142, 28),
(14, 142, 32),
(14, 142, 33),
(14, 142, 34),
(14, 172, 8),
(14, 172, 9),
(14, 172, 10),
(14, 172, 11),
(14, 172, 12),
(15, 66, 4),
(15, 66, 9),
(15, 67, 1),
(15, 69, 1),
(15, 85, 21),
(15, 85, 22),
(15, 85, 23),
(15, 85, 24),
(15, 85, 25),
(15, 85, 26),
(15, 85, 27),
(15, 85, 28),
(15, 85, 32),
(15, 85, 33),
(15, 85, 34),
(15, 85, 35),
(15, 138, 4),
(15, 138, 9),
(15, 141, 21),
(15, 141, 22),
(15, 141, 23),
(15, 141, 24),
(15, 141, 25),
(15, 141, 26),
(15, 141, 27),
(15, 141, 28),
(15, 141, 32),
(15, 141, 33),
(15, 141, 34),
(15, 159, 4),
(15, 159, 9),
(15, 203, 21),
(15, 203, 22),
(15, 203, 23),
(15, 203, 24),
(15, 203, 25),
(15, 203, 26),
(15, 203, 27),
(15, 203, 28),
(15, 203, 32),
(15, 203, 33),
(15, 203, 34),
(15, 203, 35),
(16, 70, 1),
(16, 86, 21),
(16, 86, 22),
(16, 86, 23),
(16, 86, 24),
(16, 86, 25),
(16, 86, 26),
(16, 86, 27),
(16, 86, 28),
(16, 86, 32),
(16, 86, 33),
(16, 86, 34),
(16, 86, 35),
(17, 72, 1),
(17, 87, 21),
(17, 87, 22),
(17, 87, 23),
(17, 87, 24),
(17, 87, 25),
(17, 87, 26),
(17, 87, 27),
(17, 87, 28),
(17, 87, 32),
(17, 87, 33),
(17, 87, 34),
(17, 87, 35),
(17, 144, 21),
(17, 144, 22),
(17, 144, 23),
(17, 144, 24),
(17, 144, 25),
(17, 144, 26),
(17, 144, 27),
(17, 144, 28),
(17, 144, 32),
(17, 144, 33),
(17, 144, 34),
(17, 161, 21),
(17, 162, 22),
(17, 162, 23),
(17, 162, 24),
(17, 162, 25),
(17, 168, 8),
(17, 168, 9),
(17, 168, 10),
(17, 168, 11),
(17, 168, 12),
(17, 181, 21),
(17, 181, 22),
(17, 181, 23),
(17, 181, 24),
(17, 181, 25),
(17, 182, 27),
(17, 182, 28),
(17, 182, 32),
(17, 183, 33),
(17, 183, 34),
(18, 75, 1),
(18, 79, 3),
(18, 79, 4),
(18, 79, 5),
(18, 79, 6),
(18, 79, 8),
(18, 79, 9),
(18, 79, 10),
(18, 79, 11),
(18, 79, 12),
(18, 79, 13),
(18, 82, 21),
(18, 82, 22),
(18, 82, 23),
(18, 82, 24),
(18, 82, 25),
(18, 82, 26),
(18, 82, 27),
(18, 82, 28),
(18, 82, 32),
(18, 82, 33),
(18, 82, 34),
(18, 82, 35),
(18, 147, 2),
(18, 147, 3),
(18, 147, 4),
(18, 147, 5),
(18, 147, 6),
(18, 147, 8),
(18, 147, 9),
(18, 147, 10),
(18, 147, 11),
(18, 147, 12),
(18, 147, 13),
(18, 148, 2),
(18, 148, 3),
(18, 148, 4),
(18, 148, 5),
(18, 148, 6),
(18, 148, 8),
(18, 148, 9),
(18, 148, 10),
(18, 148, 11),
(18, 148, 12),
(18, 148, 13),
(18, 153, 24),
(18, 153, 26),
(18, 153, 28),
(18, 153, 33),
(18, 153, 35),
(18, 173, 8),
(18, 173, 9),
(18, 173, 10),
(18, 173, 11),
(18, 173, 12),
(18, 193, 7),
(18, 194, 7),
(18, 195, 20),
(18, 196, 20),
(18, 203, 2),
(18, 203, 3),
(18, 203, 4),
(18, 203, 5),
(18, 203, 6),
(18, 203, 7),
(18, 203, 8),
(18, 203, 9),
(18, 203, 10),
(18, 203, 11),
(18, 203, 12),
(18, 203, 13),
(18, 206, 8),
(18, 206, 9),
(18, 206, 10),
(18, 206, 11),
(18, 206, 12),
(18, 206, 13),
(18, 208, 21),
(18, 208, 22),
(18, 208, 23),
(18, 208, 24),
(18, 208, 25),
(18, 208, 26),
(18, 208, 27),
(18, 208, 28),
(19, 81, 3),
(19, 81, 4),
(19, 81, 5),
(19, 81, 6),
(19, 81, 8),
(19, 81, 9),
(19, 81, 10),
(19, 81, 11),
(19, 81, 12),
(19, 81, 13),
(20, 88, 21),
(20, 88, 22),
(20, 88, 23),
(20, 88, 24),
(20, 88, 25),
(20, 88, 26),
(20, 88, 27),
(20, 88, 28),
(20, 88, 32),
(20, 88, 33),
(20, 88, 34),
(20, 88, 35),
(21, 89, 21),
(21, 89, 22),
(21, 89, 23),
(21, 89, 24),
(21, 89, 25),
(21, 89, 26),
(21, 89, 27),
(21, 89, 28),
(21, 89, 32),
(21, 89, 33),
(21, 89, 34),
(21, 89, 35),
(22, 91, 2),
(22, 91, 3),
(22, 91, 4),
(22, 91, 5),
(22, 91, 6),
(22, 91, 8),
(22, 91, 9),
(22, 91, 10),
(22, 91, 11),
(22, 91, 12),
(22, 91, 13),
(22, 92, 2),
(22, 92, 3),
(22, 92, 4),
(22, 92, 5),
(22, 92, 6),
(22, 92, 8),
(22, 92, 9),
(22, 92, 10),
(22, 92, 11),
(22, 92, 12),
(22, 92, 13),
(23, 95, 4),
(23, 95, 5),
(23, 95, 6),
(23, 95, 8),
(23, 95, 9),
(23, 95, 10),
(23, 95, 11),
(23, 95, 12),
(23, 95, 13),
(23, 96, 4),
(23, 96, 5),
(23, 96, 6),
(23, 96, 8),
(23, 96, 9),
(23, 96, 10),
(23, 96, 11),
(23, 96, 12),
(23, 96, 13),
(23, 97, 21),
(23, 97, 22),
(23, 97, 23),
(23, 97, 24),
(23, 97, 25),
(23, 97, 26),
(23, 97, 27),
(23, 97, 28),
(23, 97, 32),
(23, 97, 33),
(23, 97, 34),
(23, 98, 21),
(23, 98, 22),
(23, 98, 23),
(23, 98, 24),
(23, 98, 25),
(23, 98, 26),
(23, 98, 27),
(23, 98, 28),
(23, 98, 32),
(23, 98, 33),
(23, 98, 34),
(23, 99, 21),
(23, 99, 22),
(23, 99, 23),
(23, 99, 24),
(23, 99, 25),
(23, 99, 26),
(23, 99, 27),
(23, 99, 28),
(23, 99, 32),
(23, 99, 33),
(23, 99, 34),
(23, 100, 21),
(23, 100, 22),
(23, 100, 23),
(23, 100, 24),
(23, 100, 25),
(23, 100, 26),
(23, 100, 27),
(23, 100, 28),
(23, 100, 32),
(23, 100, 33),
(23, 100, 34),
(23, 101, 21),
(23, 101, 22),
(23, 101, 23),
(23, 101, 24),
(23, 101, 25),
(23, 101, 26),
(23, 101, 27),
(23, 101, 28),
(23, 101, 32),
(23, 101, 33),
(23, 101, 34),
(23, 102, 21),
(23, 102, 22),
(23, 102, 23),
(23, 102, 24),
(23, 102, 25),
(23, 102, 26),
(23, 102, 27),
(23, 102, 28),
(23, 102, 32),
(23, 102, 33),
(23, 102, 34),
(23, 108, 2),
(23, 108, 3),
(23, 108, 4),
(23, 108, 5),
(23, 108, 6),
(23, 108, 8),
(23, 108, 9),
(23, 108, 10),
(23, 108, 11),
(23, 108, 12),
(23, 108, 13),
(23, 112, 2),
(23, 112, 3),
(23, 112, 4),
(23, 112, 5),
(23, 112, 6),
(23, 112, 8),
(23, 112, 9),
(23, 112, 10),
(23, 112, 11),
(23, 112, 12),
(23, 112, 13),
(23, 114, 2),
(23, 114, 3),
(23, 114, 4),
(23, 114, 5),
(23, 114, 6),
(23, 114, 8),
(23, 114, 9),
(23, 114, 10),
(23, 114, 11),
(23, 114, 12),
(23, 119, 4),
(23, 119, 6),
(23, 119, 9),
(23, 119, 11),
(23, 125, 22),
(23, 125, 24),
(23, 125, 26),
(23, 125, 28),
(23, 125, 33),
(23, 125, 35),
(23, 126, 22),
(23, 126, 24),
(23, 126, 26),
(23, 126, 28),
(23, 126, 33),
(23, 126, 35),
(23, 145, 2),
(23, 145, 3),
(23, 145, 4),
(23, 145, 5),
(23, 145, 6),
(23, 145, 8),
(23, 145, 9),
(23, 145, 10),
(23, 145, 11),
(23, 145, 12),
(23, 145, 13),
(23, 150, 3),
(23, 150, 5),
(23, 150, 8),
(23, 150, 10),
(23, 150, 12),
(23, 151, 3),
(23, 151, 5),
(23, 151, 8),
(23, 151, 10),
(23, 151, 12),
(24, 95, 4),
(24, 95, 5),
(24, 95, 6),
(24, 95, 8),
(24, 95, 9),
(24, 95, 10),
(24, 95, 11),
(24, 95, 12),
(24, 95, 13),
(24, 96, 4),
(24, 96, 5),
(24, 96, 6),
(24, 96, 8),
(24, 96, 9),
(24, 96, 10),
(24, 96, 11),
(24, 96, 12),
(24, 96, 13),
(24, 97, 21),
(24, 97, 22),
(24, 97, 23),
(24, 97, 24),
(24, 97, 25),
(24, 97, 26),
(24, 97, 27),
(24, 97, 28),
(24, 97, 32),
(24, 97, 33),
(24, 97, 34),
(24, 98, 21),
(24, 98, 22),
(24, 98, 23),
(24, 98, 24),
(24, 98, 25),
(24, 98, 26),
(24, 98, 27),
(24, 98, 28),
(24, 98, 32),
(24, 98, 33),
(24, 98, 34),
(24, 99, 21),
(24, 99, 22),
(24, 99, 23),
(24, 99, 24),
(24, 99, 25),
(24, 99, 26),
(24, 99, 27),
(24, 99, 28),
(24, 99, 32),
(24, 99, 33),
(24, 99, 34),
(24, 100, 21),
(24, 100, 22),
(24, 100, 23),
(24, 100, 24),
(24, 100, 25),
(24, 100, 26),
(24, 100, 27),
(24, 100, 28),
(24, 100, 32),
(24, 100, 33),
(24, 100, 34),
(24, 101, 21),
(24, 101, 22),
(24, 101, 23),
(24, 101, 24),
(24, 101, 25),
(24, 101, 26),
(24, 101, 27),
(24, 101, 28),
(24, 101, 32),
(24, 101, 33),
(24, 101, 34),
(24, 102, 21),
(24, 102, 22),
(24, 102, 23),
(24, 102, 24),
(24, 102, 25),
(24, 102, 26),
(24, 102, 27),
(24, 102, 28),
(24, 102, 32),
(24, 102, 33),
(24, 102, 34),
(24, 108, 2),
(24, 108, 3),
(24, 108, 4),
(24, 108, 5),
(24, 108, 6),
(24, 108, 8),
(24, 108, 9),
(24, 108, 10),
(24, 108, 11),
(24, 108, 12),
(24, 108, 13),
(24, 112, 2),
(24, 112, 3),
(24, 112, 4),
(24, 112, 5),
(24, 112, 6),
(24, 112, 8),
(24, 112, 9),
(24, 112, 10),
(24, 112, 11),
(24, 112, 12),
(24, 112, 13),
(24, 114, 2),
(24, 114, 3),
(24, 114, 4),
(24, 114, 5),
(24, 114, 6),
(24, 114, 8),
(24, 114, 9),
(24, 114, 10),
(24, 114, 11),
(24, 114, 12),
(24, 119, 4),
(24, 119, 6),
(24, 119, 9),
(24, 119, 11),
(24, 150, 3),
(24, 150, 5),
(24, 150, 8),
(24, 150, 10),
(24, 150, 12),
(24, 151, 3),
(24, 151, 5),
(24, 151, 8),
(24, 151, 10),
(24, 151, 12),
(25, 167, 8),
(25, 167, 9),
(25, 167, 10),
(25, 167, 11),
(25, 167, 12),
(26, 197, 1),
(27, 202, 31),
(28, 207, 8),
(28, 207, 9),
(28, 207, 10),
(28, 207, 11),
(28, 207, 12),
(28, 207, 13),
(28, 209, 21),
(28, 209, 22),
(28, 209, 23),
(28, 209, 24),
(28, 209, 25),
(28, 209, 26),
(28, 209, 27),
(28, 209, 28),
(29, 207, 8),
(29, 207, 9),
(29, 207, 10),
(29, 207, 11),
(29, 207, 12),
(29, 207, 13),
(29, 209, 21),
(29, 209, 22),
(29, 209, 23),
(29, 209, 24),
(29, 209, 25),
(29, 209, 26),
(29, 209, 27),
(29, 209, 28),
(30, 207, 8),
(30, 207, 9),
(30, 207, 10),
(30, 207, 11),
(30, 207, 12),
(30, 207, 13),
(30, 209, 21),
(30, 209, 22),
(30, 209, 23),
(30, 209, 24),
(30, 209, 25),
(30, 209, 26),
(30, 209, 27),
(30, 209, 28);

--
-- Indexes for dumped tables
--

--
-- Indexes for table `activities`
--
ALTER TABLE `activities`
  ADD PRIMARY KEY (`activity_id`);

--
-- Indexes for table `dbmappings`
--
ALTER TABLE `dbmappings`
  ADD PRIMARY KEY (`mapping_id`),
  ADD UNIQUE KEY `room_name` (`room_name`);

--
-- Indexes for table `mapbox_encodings`
--
ALTER TABLE `mapbox_encodings`
  ADD PRIMARY KEY (`encoding_id`),
  ADD UNIQUE KEY `room_name` (`layer_name`);

--
-- Indexes for table `rooms`
--
ALTER TABLE `rooms`
  ADD PRIMARY KEY (`room_id`),
  ADD UNIQUE KEY `room_name` (`room_name`);

--
-- Indexes for table `timetables`
--
ALTER TABLE `timetables`
  ADD PRIMARY KEY (`room_id`,`activity_id`,`week_number`),
  ADD KEY `activity_id` (`activity_id`);

--
-- AUTO_INCREMENT for dumped tables
--

--
-- AUTO_INCREMENT for table `activities`
--
ALTER TABLE `activities`
  MODIFY `activity_id` int(255) NOT NULL AUTO_INCREMENT, AUTO_INCREMENT=337;

--
-- AUTO_INCREMENT for table `dbmappings`
--
ALTER TABLE `dbmappings`
  MODIFY `mapping_id` int(255) NOT NULL AUTO_INCREMENT, AUTO_INCREMENT=80;

--
-- AUTO_INCREMENT for table `mapbox_encodings`
--
ALTER TABLE `mapbox_encodings`
  MODIFY `encoding_id` int(255) NOT NULL AUTO_INCREMENT, AUTO_INCREMENT=21;

--
-- AUTO_INCREMENT for table `rooms`
--
ALTER TABLE `rooms`
  MODIFY `room_id` int(255) NOT NULL AUTO_INCREMENT, AUTO_INCREMENT=446;

--
-- Constraints for dumped tables
--

--
-- Constraints for table `timetables`
--
ALTER TABLE `timetables`
  ADD CONSTRAINT `timetables_ibfk_1` FOREIGN KEY (`room_id`) REFERENCES `rooms` (`room_id`),
  ADD CONSTRAINT `timetables_ibfk_2` FOREIGN KEY (`activity_id`) REFERENCES `activities` (`activity_id`);
COMMIT;

/*!40101 SET CHARACTER_SET_CLIENT=@OLD_CHARACTER_SET_CLIENT */;
/*!40101 SET CHARACTER_SET_RESULTS=@OLD_CHARACTER_SET_RESULTS */;
/*!40101 SET COLLATION_CONNECTION=@OLD_COLLATION_CONNECTION */;
