Name,Module Name,Activity Type Name,Scheduled Start Time,Scheduled End Time,Scheduled Days,Teaching Week Pattern,Activity Dates (Individual),Size,Allocated Location Name,Scheduled
AHCP10051/Lecture A/,AHCP10051,LECTURE,10:00,11:00,Tuesday,"2-6, 8-13","28/09/2021,05/10/2021,12/10/2021,19/10/2021,26/10/2021,09/11/2021,16/11/2021,23/11/2021,30/11/2021,07/12/2021,14/12/2021",50,Kilburn_TH 1.5,Checked
AMER10501/Welcome week Lecture/,AMER10501,LECTURE,10:00,11:00,Wednesday,1,22/09/2021,60,Kilburn_TH 1.5,Checked
"BIOL21101/LEC/LEC1/Wed 09-10 <02-03, 08>",BIOL21101,LECTURE,9:00,10:00,Wednesday,"2-3, 8","29/09/2021,06/10/2021,10/11/2021",270,Kilburn_TH 1.1,Checked
"BIOL21101/LEC/LEC2/Fri 12-13 <04-06, 08-13>",BIOL21101,LECTURE,12:00,13:00,Friday,"4-6, 8-13","15/10/2021,22/10/2021,29/10/2021,12/11/2021,19/11/2021,26/11/2021,03/12/2021,10/12/2021,17/12/2021",270,Kilburn_TH 1.1,Checked
BIOL31471/LEC/LEC1/Mon 14-15,BIOL31471,LECTURE,14:00,15:00,Monday,2-7,"27/09/2021,04/10/2021,11/10/2021,18/10/2021,25/10/2021,01/11/2021",75,Kilburn_TH 1.4,Checked
BIOL31471/LEC/LEC3/Fri 13-14,BIOL31471,LECTURE,13:00,14:00,Friday,2-7,"01/10/2021,08/10/2021,15/10/2021,22/10/2021,29/10/2021,05/11/2021",75,Kilburn_TH 1.4,Checked
BIOL31482/LEC/LEC1/Mon 12-13,BIOL31482,LECTURE,12:00,13:00,Monday,21-26,"07/02/2022,14/02/2022,21/02/2022,28/02/2022,07/03/2022,14/03/2022",75,Kilburn_TH 1.4,Checked
"BIOL31551/LEC/LEC2/Tue 16-17 <03, 07>",BIOL31551,WORKSHOP,16:00,17:00,Tuesday,"3, 7","05/10/2021,02/11/2021",75,Kilburn_TH 1.4,Checked
BIOL31582/LEC/LEC1/Tue 15-16,BIOL31582,LECTURE,15:00,16:00,Tuesday,21-26,"08/02/2022,15/02/2022,22/02/2022,01/03/2022,08/03/2022,15/03/2022",75,Kilburn_TH 1.4,Checked
BIOL31582/LEC/LEC3/Fri 12-13,BIOL31582,LECTURE,12:00,13:00,Friday,21-26,"11/02/2022,18/02/2022,25/02/2022,04/03/2022,11/03/2022,18/03/2022",75,Kilburn_TH 1.4,Checked
BIOL31591/LEC/LEC1/Mon 15-16,BIOL31591,LECTURE,15:00,16:00,Monday,2-7,"27/09/2021,04/10/2021,11/10/2021,18/10/2021,25/10/2021,01/11/2021",75,Kilburn_TH 1.4,Checked
BIOL31631/LEC/LEC1/Thu 10-11,BIOL31631,LECTURE,10:00,11:00,Thursday,2-7,"30/09/2021,07/10/2021,14/10/2021,21/10/2021,28/10/2021,04/11/2021",75,Kilburn_TH 1.4,Checked
BIOL31631/LEC/LEC2/Fri 15-17,BIOL31631,LECTURE,15:00,17:00,Friday,2-7,"01/10/2021,08/10/2021,15/10/2021,22/10/2021,29/10/2021,05/11/2021",75,Kilburn_TH 1.4,Checked
BIOL31802/LEC/LEC1/Tue 13-14,BIOL31802,LECTURE,13:00,14:00,Tuesday,21-26,"08/02/2022,15/02/2022,22/02/2022,01/03/2022,08/03/2022,15/03/2022",75,Kilburn_TH 1.4,Checked
BIOL31802/LEC/LEC2/Tue 17-18 (wks 2&6 only),BIOL31802,LECTURE,17:00,18:00,Tuesday,"22, 26","15/02/2022,15/03/2022",75,Kilburn_TH 1.4,Checked
BMAN20811/LEC/LEC/01,BMAN20811,LECTURE,12:00,14:00,Thursday,"2-6, 8-13","30/09/2021,07/10/2021,14/10/2021,21/10/2021,28/10/2021,11/11/2021,18/11/2021,25/11/2021,02/12/2021,09/12/2021,16/12/2021",75,Kilburn_TH 1.4,Checked
BMAN21040/SEMESTER 1/WORKSHOP/WSP/01,BMAN21040,WORKSHOP,12:00,13:00,Thursday,"3, 6, 10","07/10/2021,28/10/2021,25/11/2021",80,Kilburn_TH 1.3,Checked
BMAN24102/LECTURE/01,BMAN24102,LECTURE,9:00,11:00,Wednesday,"21-28, 32-34","09/02/2022,16/02/2022,23/02/2022,02/03/2022,09/03/2022,16/03/2022,23/03/2022,30/03/2022,27/04/2022,04/05/2022,11/05/2022",275,Kilburn_TH 1.1,Checked
BMAN24410/LECTURE/SEMESTER 1/01,BMAN24410,LECTURE,11:00,13:00,Friday,"2-6, 8-12","01/10/2021,08/10/2021,15/10/2021,22/10/2021,29/10/2021,12/11/2021,19/11/2021,26/11/2021,03/12/2021,10/12/2021",70,Kilburn_TH 1.4,Checked
BMAN71111/LEC/Finance,BMAN71111,LECTURE,10:00,13:00,Friday,"2-6, 8-12","01/10/2021,08/10/2021,15/10/2021,22/10/2021,29/10/2021,12/11/2021,19/11/2021,26/11/2021,03/12/2021,10/12/2021",80,Kilburn_TH 1.5,Checked
CAHE20041/Lecture B/,CAHE20041,LECTURE,10:00,11:00,Friday,"2-6, 8-13","01/10/2021,08/10/2021,15/10/2021,22/10/2021,29/10/2021,12/11/2021,19/11/2021,26/11/2021,03/12/2021,10/12/2021,17/12/2021",50,Kilburn_TH 1.4,Checked
"CAHE23012/Lecture B/, CAHE33012/Lecture B/","CAHE23012, CAHE33012",LECTURE,10:00,11:00,Tuesday,"21-28, 32-35","08/02/2022,15/02/2022,22/02/2022,01/03/2022,08/03/2022,15/03/2022,22/03/2022,29/03/2022,26/04/2022,03/05/2022,10/05/2022,17/05/2022",25,Kilburn_TH 1.5,Checked
"CAHE24102/Lecture A/, CAHE34102/Lecture A/","CAHE24102, CAHE34102",LECTURE,13:00,14:00,Monday,"21-28, 32-35","07/02/2022,14/02/2022,21/02/2022,28/02/2022,07/03/2022,14/03/2022,21/03/2022,28/03/2022,25/04/2022,02/05/2022,09/05/2022,16/05/2022",40,Kilburn_TH 1.4,Checked
"CAHE25461/Lecture/, CAHE35461/Lecture/","CAHE25461, CAHE35461",LECTURE,10:00,12:00,Wednesday,"2-6, 8-13","29/09/2021,06/10/2021,13/10/2021,20/10/2021,27/10/2021,10/11/2021,17/11/2021,24/11/2021,01/12/2021,08/12/2021,15/12/2021",90,Kilburn_TH 1.1,Checked
CAHE30000/Lecture A/,CAHE30000,LECTURE,16:00,17:00,Thursday,"2, 5, 8, 10-11","30/09/2021,21/10/2021,11/11/2021,25/11/2021,02/12/2021",60,Kilburn_TH 1.4,Checked
"CHEM40111/SECTIONA/LEC/01, CHEM40121/SECTIONA/LEC/01 <06, 08>","CHEM40121, CHEM40111",LECTURE,11:00,12:00,Wednesday,"6, 8","27/10/2021,10/11/2021",80,Kilburn_TH 1.5,Checked
COMP10120/LAB/SEM1/Drop-in/01,COMP10120,DROP-IN,15:00,16:00,Friday,"3-6, 8-11, 13","08/10/2021,15/10/2021,22/10/2021,29/10/2021,12/11/2021,19/11/2021,26/11/2021,03/12/2021,17/12/2021",74,Kilburn_G23,Checked
COMP10120/LAB/SEM1/M,COMP10120,LABORATORY,9:00,10:00,Tuesday,"3-6, 8-13","05/10/2021,12/10/2021,19/10/2021,26/10/2021,09/11/2021,16/11/2021,23/11/2021,30/11/2021,07/12/2021,14/12/2021",80,Kilburn_1.8+1.10,Checked
COMP10120/LAB/SEM1/X,COMP10120,LABORATORY,11:00,12:00,Monday,"3-6, 8-13","04/10/2021,11/10/2021,18/10/2021,25/10/2021,08/11/2021,15/11/2021,22/11/2021,29/11/2021,06/12/2021,13/12/2021",160,Kilburn_1.8+1.10,Checked
COMP10120/LAB/SEM1/Y,COMP10120,LABORATORY,10:00,11:00,Monday,"3-6, 8-13","04/10/2021,11/10/2021,18/10/2021,25/10/2021,08/11/2021,15/11/2021,22/11/2021,29/11/2021,06/12/2021,13/12/2021",160,Kilburn_1.8+1.10,Checked
COMP10120/LAB/SEM1/Z,COMP10120,LABORATORY,15:00,16:00,Thursday,"3-6, 8-13","07/10/2021,14/10/2021,21/10/2021,28/10/2021,11/11/2021,18/11/2021,25/11/2021,02/12/2021,09/12/2021,16/12/2021",160,Kilburn_1.8+1.10,Checked
COMP10120/LAB/SEM2/M+X,COMP10120,LABORATORY,10:00,11:00,Tuesday,21-28,"08/02/2022,15/02/2022,22/02/2022,01/03/2022,08/03/2022,15/03/2022,22/03/2022,29/03/2022",166,Kilburn_1.8+1.10,Checked
COMP10120/SHOWCASE/SEM2/w9/01,COMP10120,PRESENTATIONS,12:00,14:00,Monday,32,25/04/2022,100,Kilburn_2.25 (A+B),Checked
COMP10120/SHOWCASE/SEM2/w9/02,COMP10120,PRESENTATIONS,12:00,14:00,Monday,32,25/04/2022,74,Kilburn_LF31,Checked
COMP10120/SHOWCASE/SEM2/w9/04,COMP10120,PRESENTATIONS,12:00,14:00,Monday,32,25/04/2022,94,Kilburn_G23,Checked
COMP10120/SHOWCASE/SEM2/w9/05,COMP10120,PRESENTATIONS,12:00,14:00,Monday,32,25/04/2022,166,Kilburn_1.8+1.10,Checked
COMP11120/EX/SEM2/Y,COMP11120,EXAMPLES,15:00,16:00,Tuesday,"21-28, 32-34","08/02/2022,15/02/2022,22/02/2022,01/03/2022,08/03/2022,15/03/2022,22/03/2022,29/03/2022,26/04/2022,03/05/2022,10/05/2022",99,Kilburn_2.19,Checked
COMP11120/EX/SEM2/Z,COMP11120,EXAMPLES,16:00,17:00,Tuesday,"21-28, 32-34","08/02/2022,15/02/2022,22/02/2022,01/03/2022,08/03/2022,15/03/2022,22/03/2022,29/03/2022,26/04/2022,03/05/2022,10/05/2022",99,Kilburn_2.19,Checked
COMP11212/EX/M+X,COMP11212,EXAMPLES,9:00,10:00,Tuesday,"22-28, 32-34","15/02/2022,22/02/2022,01/03/2022,08/03/2022,15/03/2022,22/03/2022,29/03/2022,26/04/2022,03/05/2022,10/05/2022",90,Kilburn_Collab (1+2),Checked
COMP11212/EX/V,COMP11212,EXAMPLES,16:00,17:00,Tuesday,"22-28, 32-34","15/02/2022,22/02/2022,01/03/2022,08/03/2022,15/03/2022,22/03/2022,29/03/2022,26/04/2022,03/05/2022,10/05/2022",90,Kilburn_Collab (1+2),Checked
COMP11212/EX/W,COMP11212,EXAMPLES,9:00,10:00,Wednesday,"22-28, 32-34","16/02/2022,23/02/2022,02/03/2022,09/03/2022,16/03/2022,23/03/2022,30/03/2022,27/04/2022,04/05/2022,11/05/2022",90,Kilburn_Collab (1+2),Checked
COMP11212/EX/Y,COMP11212,EXAMPLES,10:00,11:00,Tuesday,"22-28, 32-34","15/02/2022,22/02/2022,01/03/2022,08/03/2022,15/03/2022,22/03/2022,29/03/2022,26/04/2022,03/05/2022,10/05/2022",90,Kilburn_Collab (1+2),Checked
COMP11212/EX/Z,COMP11212,EXAMPLES,14:00,15:00,Tuesday,"22-28, 32-34","15/02/2022,22/02/2022,01/03/2022,08/03/2022,15/03/2022,22/03/2022,29/03/2022,26/04/2022,03/05/2022,10/05/2022",90,Kilburn_2.19,Checked
COMP12111/LAB/01,COMP12111,DROP-IN,15:00,17:00,Tuesday,"3-6, 8-13","05/10/2021,12/10/2021,19/10/2021,26/10/2021,09/11/2021,16/11/2021,23/11/2021,30/11/2021,07/12/2021,14/12/2021",80,Kilburn_2.25 (A+B),Checked
COMP12111/LAB/02,COMP12111,DROP-IN,9:00,11:00,Wednesday,"3-6, 8-13","06/10/2021,13/10/2021,20/10/2021,27/10/2021,10/11/2021,17/11/2021,24/11/2021,01/12/2021,08/12/2021,15/12/2021",160,Kilburn_1.8+1.10,Checked
COMP12111/LAB/03,COMP12111,DROP-IN,13:00,15:00,Monday,"3-6, 8-13","04/10/2021,11/10/2021,18/10/2021,25/10/2021,08/11/2021,15/11/2021,22/11/2021,29/11/2021,06/12/2021,13/12/2021",160,Kilburn_1.8+1.10,Checked
COMP12111/LAB/04,COMP12111,DROP-IN,13:00,15:00,Thursday,"3-6, 8-13","07/10/2021,14/10/2021,21/10/2021,28/10/2021,11/11/2021,18/11/2021,25/11/2021,02/12/2021,09/12/2021,16/12/2021",80,Kilburn_2.25 (A+B),Checked
COMP13212/LAB/M+X,COMP13212,LABORATORY,11:00,13:00,Thursday,"22, 24, 26, 28, 33","17/02/2022,03/03/2022,17/03/2022,31/03/2022,05/05/2022",166,Kilburn_1.8+1.10,Checked
COMP13212/LAB/Y,COMP13212,LABORATORY,15:00,17:00,Friday,"22, 24, 26, 28, 33","18/02/2022,04/03/2022,18/03/2022,01/04/2022,06/05/2022",166,Kilburn_1.8+1.10,Checked
COMP13212/LAB/Z,COMP13212,LABORATORY,15:00,17:00,Tuesday,"22, 24, 26, 28, 33","15/02/2022,01/03/2022,15/03/2022,29/03/2022,03/05/2022",90,Kilburn_G23,Checked
COMP13212/LEC/LEC1/EXTRA/01,COMP13212,LECTURE,17:00,18:00,Tuesday,"21-28, 32-35","08/02/2022,15/02/2022,22/02/2022,01/03/2022,08/03/2022,15/03/2022,22/03/2022,29/03/2022,26/04/2022,03/05/2022,10/05/2022,17/05/2022",30,Kilburn_Collab 2,Checked
COMP13212/LEC/LEC2/EXTRA/01,COMP13212,LECTURE,10:00,11:00,Friday,"21-28, 32-35","11/02/2022,18/02/2022,25/02/2022,04/03/2022,11/03/2022,18/03/2022,25/03/2022,01/04/2022,29/04/2022,06/05/2022,13/05/2022,20/05/2022",30,Kilburn_Collab 2,Checked
COMP15111/LAB/02,COMP15111,LABORATORY,9:00,10:00,Friday,"3-6, 8-10, 13","08/10/2021,15/10/2021,22/10/2021,29/10/2021,12/11/2021,19/11/2021,26/11/2021,17/12/2021",160,Kilburn_1.8+1.10,Checked
COMP15111/LAB/03,COMP15111,LABORATORY,9:00,10:00,Monday,"3-6, 8-10, 13","04/10/2021,11/10/2021,18/10/2021,25/10/2021,08/11/2021,15/11/2021,22/11/2021,13/12/2021",160,Kilburn_1.8+1.10,Checked
COMP15111/LAB/04,COMP15111,LABORATORY,14:00,15:00,Wednesday,"3-6, 8-10, 13","06/10/2021,13/10/2021,20/10/2021,27/10/2021,10/11/2021,17/11/2021,24/11/2021,15/12/2021",160,Kilburn_1.8+1.10,Checked
COMP15111/LAB/05,COMP15111,LABORATORY,10:00,11:00,Friday,"3-6, 8-10, 13","08/10/2021,15/10/2021,22/10/2021,29/10/2021,12/11/2021,19/11/2021,26/11/2021,17/12/2021",85,Kilburn_2.25 (A+B),Checked
COMP15111/LAB/06,COMP15111,LABORATORY,15:00,16:00,Wednesday,"3-6, 8-10, 13","06/10/2021,13/10/2021,20/10/2021,27/10/2021,10/11/2021,17/11/2021,24/11/2021,15/12/2021",85,Kilburn_1.8+1.10,Checked
COMP15212/LAB/M+X,COMP15212,LABORATORY,11:00,13:00,Thursday,"23, 25, 27, 32, 34-35","24/02/2022,10/03/2022,24/03/2022,28/04/2022,12/05/2022,19/05/2022",166,Kilburn_1.8+1.10,Checked
COMP15212/LAB/Z,COMP15212,LABORATORY,11:00,13:00,Friday,"23, 25, 27, 32, 34-35","25/02/2022,11/03/2022,25/03/2022,29/04/2022,13/05/2022,20/05/2022",90,Kilburn_G23,Checked
COMP16412/LAB/Z,COMP16412,LABORATORY,14:00,16:00,Friday,"21-28, 32-35","11/02/2022,18/02/2022,25/02/2022,04/03/2022,11/03/2022,18/03/2022,25/03/2022,01/04/2022,29/04/2022,06/05/2022,13/05/2022,20/05/2022",85,Kilburn_G23,Checked
COMP16412/LEC/LEC1/EXTRA/01,COMP16412,LECTURE,16:00,17:00,Monday,"21-28, 32-35","07/02/2022,14/02/2022,21/02/2022,28/02/2022,07/03/2022,14/03/2022,21/03/2022,28/03/2022,25/04/2022,02/05/2022,09/05/2022,16/05/2022",68,Kilburn_G41,Checked
COMP16412/WKSP/M+X,COMP16412,WORKSHOP,11:00,12:00,Tuesday,"21-28, 32-34","08/02/2022,15/02/2022,22/02/2022,01/03/2022,08/03/2022,15/03/2022,22/03/2022,29/03/2022,26/04/2022,03/05/2022,10/05/2022",90,Kilburn_Collab (1+2),Checked
COMP16412/WKSP/W,COMP16412,WORKSHOP,15:00,16:00,Tuesday,"21-28, 32-34","08/02/2022,15/02/2022,22/02/2022,01/03/2022,08/03/2022,15/03/2022,22/03/2022,29/03/2022,26/04/2022,03/05/2022,10/05/2022",90,Kilburn_Collab (1+2),Checked
COMP16412/WKSP/Y,COMP16412,WORKSHOP,11:00,12:00,Wednesday,"21-28, 32-34","09/02/2022,16/02/2022,23/02/2022,02/03/2022,09/03/2022,16/03/2022,23/03/2022,30/03/2022,27/04/2022,04/05/2022,11/05/2022",90,Kilburn_Collab (1+2),Checked
COMP16412/WKSP/Z,COMP16412,WORKSHOP,10:00,11:00,Wednesday,"21-28, 32-34","09/02/2022,16/02/2022,23/02/2022,02/03/2022,09/03/2022,16/03/2022,23/03/2022,30/03/2022,27/04/2022,04/05/2022,11/05/2022",90,Kilburn_Collab (1+2),Checked
COMP1HCI/TUT/SEM1,COMP1HCI,TUTORIAL,12:00,13:00,Monday,"4, 9","11/10/2021,15/11/2021",15,Kilburn_G36,Checked
COMP1HCI/TUT/ww,COMP1HCI,TUTORIAL,10:00,11:00,Tuesday,1,21/09/2021,15,Kilburn_G36,Checked
COMP1INTRO/LAB/WW/02,COMP1INTRO,LABORATORY,17:00,18:00,Friday,1,24/09/2021,64,Kilburn_2.25 (A+B),Checked
COMP1INTRO/Tutor-Intro/WW/Lunch/01,COMP1INTRO,LUNCH,14:00,16:00,Wednesday,1,22/09/2021,10,Kilburn_G36,Checked
COMP1INTRO/Tutor-Intro/WW/Lunch/02,COMP1INTRO,LUNCH,14:00,16:00,Wednesday,1,22/09/2021,10,Kilburn_IT406,Checked
COMP1INTRO/Tutor-Intro/WW/Lunch/03,COMP1INTRO,LUNCH,14:00,16:00,Wednesday,1,22/09/2021,10,Kilburn_Collab 1,Checked
COMP1INTRO/Tutor-Intro/WW/Lunch/04,COMP1INTRO,LUNCH,14:00,16:00,Wednesday,1,22/09/2021,10,Kilburn_2.15,Checked
COMP1INTRO/Tutor-Intro/WW/Lunch/05,COMP1INTRO,LUNCH,14:00,16:00,Wednesday,1,22/09/2021,10,Kilburn_Collab 2,Checked
COMP1INTRO/Tutor-Intro/WW/Lunch/06,COMP1INTRO,LUNCH,14:00,16:00,Wednesday,1,22/09/2021,10,Kilburn_2.19,Checked
COMP1INTRO/Tutor-Intro/WW/Lunch/07,COMP1INTRO,LUNCH,14:00,16:00,Wednesday,1,22/09/2021,10,Kilburn_IT407,Checked
COMP1PASS/SEM1/,COMP1PASS,PASS,12:00,13:00,Wednesday,"3-6, 8-13","06/10/2021,13/10/2021,20/10/2021,27/10/2021,10/11/2021,17/11/2021,24/11/2021,01/12/2021,08/12/2021,15/12/2021",80,Kilburn_Collab (1+2),Checked
COMP1PASS/SEM1/Debrief,COMP1PASS,PASS,13:00,14:00,Wednesday,"3-6, 8-13","06/10/2021,13/10/2021,20/10/2021,27/10/2021,10/11/2021,17/11/2021,24/11/2021,01/12/2021,08/12/2021,15/12/2021",50,Kilburn_Collab (1+2),Checked
COMP1PASS/SEM1/Rooms/01,COMP1PASS,PASS,12:00,13:00,Wednesday,"3-6, 8-13","06/10/2021,13/10/2021,20/10/2021,27/10/2021,10/11/2021,17/11/2021,24/11/2021,01/12/2021,08/12/2021,15/12/2021",100,Kilburn_2.19,Checked
COMP1PASS/SEM1/Rooms/05,COMP1PASS,PASS,12:00,13:00,Wednesday,"3-6, 8-13","06/10/2021,13/10/2021,20/10/2021,27/10/2021,10/11/2021,17/11/2021,24/11/2021,01/12/2021,08/12/2021,15/12/2021",100,Kilburn_IT407,Checked
COMP1PASS/SEM1/Rooms/06,COMP1PASS,PASS,12:00,13:00,Wednesday,"3-6, 8-13","06/10/2021,13/10/2021,20/10/2021,27/10/2021,10/11/2021,17/11/2021,24/11/2021,01/12/2021,08/12/2021,15/12/2021",60,Kilburn_G41,Checked
COMP1PASS/SEM1/Rooms/OL,COMP1PASS,PASS,12:00,13:00,Wednesday,"3-6, 8-13","06/10/2021,13/10/2021,20/10/2021,27/10/2021,10/11/2021,17/11/2021,24/11/2021,01/12/2021,08/12/2021,15/12/2021",440,Kilburn_IT Seating Area Ground Floor,Checked
COMP1PASS/SEM2/01,COMP1PASS,PASS,12:00,13:00,Wednesday,"21-28, 32-35","09/02/2022,16/02/2022,23/02/2022,02/03/2022,09/03/2022,16/03/2022,23/03/2022,30/03/2022,27/04/2022,04/05/2022,11/05/2022,18/05/2022",15,Kilburn_IT407,Checked
COMP1PASS/SEM2/02,COMP1PASS,PASS,12:00,13:00,Wednesday,"21-28, 32-35","09/02/2022,16/02/2022,23/02/2022,02/03/2022,09/03/2022,16/03/2022,23/03/2022,30/03/2022,27/04/2022,04/05/2022,11/05/2022,18/05/2022",15,Kilburn_Collab (1+2),Checked
COMP1PASS/SEM2/03,COMP1PASS,PASS,12:00,13:00,Wednesday,"21-28, 32-35","09/02/2022,16/02/2022,23/02/2022,02/03/2022,09/03/2022,16/03/2022,23/03/2022,30/03/2022,27/04/2022,04/05/2022,11/05/2022,18/05/2022",15,Kilburn_G41,Checked
COMP1PASS/SEM2/04,COMP1PASS,PASS,12:00,13:00,Wednesday,"21-28, 32-35","09/02/2022,16/02/2022,23/02/2022,02/03/2022,09/03/2022,16/03/2022,23/03/2022,30/03/2022,27/04/2022,04/05/2022,11/05/2022,18/05/2022",15,Kilburn_G36,Checked
COMP1PASS/SEM2/05,COMP1PASS,PASS,12:00,13:00,Wednesday,"21-28, 32-35","09/02/2022,16/02/2022,23/02/2022,02/03/2022,09/03/2022,16/03/2022,23/03/2022,30/03/2022,27/04/2022,04/05/2022,11/05/2022,18/05/2022",15,Kilburn_IT406,Checked
COMP1PASS/SEM2/06,COMP1PASS,PASS,12:00,13:00,Wednesday,"21-28, 32-35","09/02/2022,16/02/2022,23/02/2022,02/03/2022,09/03/2022,16/03/2022,23/03/2022,30/03/2022,27/04/2022,04/05/2022,11/05/2022,18/05/2022",15,Kilburn_2.15,Checked
COMP1PASS/SEM2/07,COMP1PASS,PASS,12:00,13:00,Wednesday,"21-28, 32-35","09/02/2022,16/02/2022,23/02/2022,02/03/2022,09/03/2022,16/03/2022,23/03/2022,30/03/2022,27/04/2022,04/05/2022,11/05/2022,18/05/2022",6,Kilburn_LF5,Checked
COMP1PASS/SEM2/08,COMP1PASS,PASS,12:00,13:00,Wednesday,"21-28, 32-35","09/02/2022,16/02/2022,23/02/2022,02/03/2022,09/03/2022,16/03/2022,23/03/2022,30/03/2022,27/04/2022,04/05/2022,11/05/2022,18/05/2022",6,Kilburn_LF6,Checked
COMP1PASS/SEM2/Debrief,COMP1PASS,PASS,13:00,14:00,Wednesday,"21-28, 32-34","09/02/2022,16/02/2022,23/02/2022,02/03/2022,09/03/2022,16/03/2022,23/03/2022,30/03/2022,27/04/2022,04/05/2022,11/05/2022",15,"Kilburn_Collab 1,Kilburn_Collab 2",Checked
COMP1TUT/TUT/SEM1/X4,COMP1TUT,TUTORIAL,16:00,17:00,Thursday,"2-6, 8-13","30/09/2021,07/10/2021,14/10/2021,21/10/2021,28/10/2021,11/11/2021,18/11/2021,25/11/2021,02/12/2021,09/12/2021,16/12/2021",8,Kilburn_LF8,Checked
COMP1TUT/TUT/SEM1/Z5,COMP1TUT,TUTORIAL,12:00,13:00,Thursday,"2-6, 8-13","30/09/2021,07/10/2021,14/10/2021,21/10/2021,28/10/2021,11/11/2021,18/11/2021,25/11/2021,02/12/2021,09/12/2021,16/12/2021",8,Kilburn_LF8,Checked
COMP21111/EX/ON CAMPUS/GROUP01,COMP21111,EXAMPLES,9:00,10:00,Friday,"4-6, 8-13","15/10/2021,22/10/2021,29/10/2021,12/11/2021,19/11/2021,26/11/2021,03/12/2021,10/12/2021,17/12/2021",80,Kilburn_Collab (1+2),Checked
COMP21111/EX/ON CAMPUS/GROUP02,COMP21111,EXAMPLES,10:00,11:00,Friday,"4-6, 8-13","15/10/2021,22/10/2021,29/10/2021,12/11/2021,19/11/2021,26/11/2021,03/12/2021,10/12/2021,17/12/2021",80,Kilburn_Collab (1+2),Checked
COMP22111/LAB/01,COMP22111,LABORATORY,16:00,18:00,Monday,"4-6, 8-13","11/10/2021,18/10/2021,25/10/2021,08/11/2021,15/11/2021,22/11/2021,29/11/2021,06/12/2021,13/12/2021",80,Kilburn_Tootill (0 + 1),Checked
COMP22111/LAB/02,COMP22111,LABORATORY,11:00,13:00,Tuesday,"4-6, 8-13","12/10/2021,19/10/2021,26/10/2021,09/11/2021,16/11/2021,23/11/2021,30/11/2021,07/12/2021,14/12/2021",80,Kilburn_Tootill (0 + 1),Checked
COMP22712/LAB/01/F,COMP22712,LABORATORY,11:00,13:00,Monday,"21-28, 32-34","07/02/2022,14/02/2022,21/02/2022,28/02/2022,07/03/2022,14/03/2022,21/03/2022,28/03/2022,25/04/2022,02/05/2022,09/05/2022",40,Kilburn_Tootill (0 + 1),Checked
COMP22712/LAB/01/G,COMP22712,LABORATORY,13:00,15:00,Tuesday,"21-28, 32-34","08/02/2022,15/02/2022,22/02/2022,01/03/2022,08/03/2022,15/03/2022,22/03/2022,29/03/2022,26/04/2022,03/05/2022,10/05/2022",40,Kilburn_Tootill (0 + 1),Checked
COMP22712/LAB/01/H,COMP22712,LABORATORY,9:00,11:00,Tuesday,"21-28, 32-34","08/02/2022,15/02/2022,22/02/2022,01/03/2022,08/03/2022,15/03/2022,22/03/2022,29/03/2022,26/04/2022,03/05/2022,10/05/2022",40,Kilburn_Tootill (0 + 1),Checked
COMP22712/LAB/02/F,COMP22712,LABORATORY,11:00,13:00,Friday,"21-28, 32-34","11/02/2022,18/02/2022,25/02/2022,04/03/2022,11/03/2022,18/03/2022,25/03/2022,01/04/2022,29/04/2022,06/05/2022,13/05/2022",40,Kilburn_Tootill (0 + 1),Checked
COMP22712/LAB/02/G,COMP22712,LABORATORY,10:00,12:00,Wednesday,"21-28, 32-34","09/02/2022,16/02/2022,23/02/2022,02/03/2022,09/03/2022,16/03/2022,23/03/2022,30/03/2022,27/04/2022,04/05/2022,11/05/2022",40,Kilburn_Tootill (0 + 1),Checked
COMP22712/LAB/02/H,COMP22712,LABORATORY,9:00,11:00,Thursday,"21-28, 32-34","10/02/2022,17/02/2022,24/02/2022,03/03/2022,10/03/2022,17/03/2022,24/03/2022,31/03/2022,28/04/2022,05/05/2022,12/05/2022",40,Kilburn_Tootill (0 + 1),Checked
COMP23111/LAB/01,COMP23111,DROP-IN,14:00,15:00,Thursday,"3-6, 8-12","07/10/2021,14/10/2021,21/10/2021,28/10/2021,11/11/2021,18/11/2021,25/11/2021,02/12/2021,09/12/2021",94,Kilburn_G23,Checked
COMP23111/LAB/02,COMP23111,DROP-IN,15:00,16:00,Thursday,"3-6, 8-12","07/10/2021,14/10/2021,21/10/2021,28/10/2021,11/11/2021,18/11/2021,25/11/2021,02/12/2021,09/12/2021",94,Kilburn_G23,Checked
COMP23311/STD1/01,COMP23311,TEAM STUDY,10:00,11:00,Tuesday,"2-6, 8-13","28/09/2021,05/10/2021,12/10/2021,19/10/2021,26/10/2021,09/11/2021,16/11/2021,23/11/2021,30/11/2021,07/12/2021,14/12/2021",166,Kilburn_1.8+1.10,Checked
COMP23311/STD1/02,COMP23311,TEAM STUDY,10:00,11:00,Tuesday,"2-6, 8-13","28/09/2021,05/10/2021,12/10/2021,19/10/2021,26/10/2021,09/11/2021,16/11/2021,23/11/2021,30/11/2021,07/12/2021,14/12/2021",94,Kilburn_G23,Checked
COMP23311/STD1/03,COMP23311,TEAM STUDY,10:00,11:00,Tuesday,"2-6, 8-13","28/09/2021,05/10/2021,12/10/2021,19/10/2021,26/10/2021,09/11/2021,16/11/2021,23/11/2021,30/11/2021,07/12/2021,14/12/2021",74,Kilburn_LF31,Checked
COMP23311/STD1/04,COMP23311,TEAM STUDY,10:00,11:00,Tuesday,"2-6, 8-13","28/09/2021,05/10/2021,12/10/2021,19/10/2021,26/10/2021,09/11/2021,16/11/2021,23/11/2021,30/11/2021,07/12/2021,14/12/2021",84,Kilburn_Tootill (0 + 1),Checked
COMP23311/STD2/01,COMP23311,TEAM STUDY,11:00,12:00,Thursday,"2-6, 8-13","30/09/2021,07/10/2021,14/10/2021,21/10/2021,28/10/2021,11/11/2021,18/11/2021,25/11/2021,02/12/2021,09/12/2021,16/12/2021",166,Kilburn_1.8+1.10,Checked
COMP23311/STD2/02,COMP23311,TEAM STUDY,11:00,12:00,Thursday,"2-6, 8-13","30/09/2021,07/10/2021,14/10/2021,21/10/2021,28/10/2021,11/11/2021,18/11/2021,25/11/2021,02/12/2021,09/12/2021,16/12/2021",94,Kilburn_1.8+1.10,Checked
COMP23311/STD2/03,COMP23311,TEAM STUDY,11:00,12:00,Thursday,"2-6, 8-13","30/09/2021,07/10/2021,14/10/2021,21/10/2021,28/10/2021,11/11/2021,18/11/2021,25/11/2021,02/12/2021,09/12/2021,16/12/2021",74,Kilburn_LF31,Checked
COMP23311/STD2/04,COMP23311,TEAM STUDY,11:00,12:00,Thursday,"2-6, 8-13","30/09/2021,07/10/2021,14/10/2021,21/10/2021,28/10/2021,11/11/2021,18/11/2021,25/11/2021,02/12/2021,09/12/2021,16/12/2021",84,Kilburn_Tootill (0 + 1),Checked
COMP23311/WRK/01,COMP23311,WORKSHOP,15:00,16:00,Tuesday,"2-6, 8-12","28/09/2021,05/10/2021,12/10/2021,19/10/2021,26/10/2021,09/11/2021,16/11/2021,23/11/2021,30/11/2021,07/12/2021",160,Kilburn_1.8+1.10,Checked
COMP23311/WRK/02,COMP23311,WORKSHOP,16:00,17:00,Tuesday,"2-6, 8-12","28/09/2021,05/10/2021,12/10/2021,19/10/2021,26/10/2021,09/11/2021,16/11/2021,23/11/2021,30/11/2021,07/12/2021",80,Kilburn_Tootill (0 + 1),Checked
COMP23311/WRK/03,COMP23311,WORKSHOP,13:00,14:00,Friday,"2-6, 8-12","01/10/2021,08/10/2021,15/10/2021,22/10/2021,29/10/2021,12/11/2021,19/11/2021,26/11/2021,03/12/2021,10/12/2021",160,Kilburn_1.8+1.10,Checked
COMP23412/LAB/F,COMP23412,LABORATORY,16:00,18:00,Tuesday,"21-28, 32-35","08/02/2022,15/02/2022,22/02/2022,01/03/2022,08/03/2022,15/03/2022,22/03/2022,29/03/2022,26/04/2022,03/05/2022,10/05/2022,17/05/2022",166,Kilburn_1.8+1.10,Checked
COMP23412/LAB/H,COMP23412,LABORATORY,16:00,18:00,Friday,"21-28, 32-35","11/02/2022,18/02/2022,25/02/2022,04/03/2022,11/03/2022,18/03/2022,25/03/2022,01/04/2022,29/04/2022,06/05/2022,13/05/2022,20/05/2022",90,Kilburn_G23,Checked
COMP23412/STD/01/04,COMP23412,TEAM STUDY,10:00,11:00,Friday,"21-28, 32-34","11/02/2022,18/02/2022,25/02/2022,04/03/2022,11/03/2022,18/03/2022,25/03/2022,01/04/2022,29/04/2022,06/05/2022,13/05/2022",100,Kilburn_2.25 (A+B),Checked
COMP24011/LAB/01,COMP24011,DROP-IN,13:00,15:00,Thursday,"4, 6, 9, 11","14/10/2021,28/10/2021,18/11/2021,02/12/2021",80,Kilburn_Tootill (0 + 1),Checked
COMP24011/LAB/02,COMP24011,DROP-IN,16:00,18:00,Thursday,"4, 6, 9, 11","14/10/2021,28/10/2021,18/11/2021,02/12/2021",160,Kilburn_1.8+1.10,Checked
COMP24112/LAB/F,COMP24112,LABORATORY,14:00,16:00,Thursday,"22, 24, 26, 28, 33, 35","17/02/2022,03/03/2022,17/03/2022,31/03/2022,05/05/2022,19/05/2022",115,Kilburn_1.10,Checked
COMP24112/LAB/G,COMP24112,LABORATORY,14:00,16:00,Monday,"22, 24, 26, 28, 33, 35","14/02/2022,28/02/2022,14/03/2022,28/03/2022,02/05/2022,16/05/2022",115,Kilburn_1.10,Checked
COMP24112/LAB/H,COMP24112,LABORATORY,16:00,18:00,Thursday,"22, 24, 26, 28, 33, 35","17/02/2022,03/03/2022,17/03/2022,31/03/2022,05/05/2022,19/05/2022",115,Kilburn_1.10,Checked
COMP24412/LEC1,COMP24412,LECTURE,13:00,14:00,Tuesday,"21-28, 32-35","08/02/2022,15/02/2022,22/02/2022,01/03/2022,08/03/2022,15/03/2022,22/03/2022,29/03/2022,26/04/2022,03/05/2022,10/05/2022,17/05/2022",120,Kilburn_TH 1.1,Checked
COMP25212/LAB/F,COMP25212,LABORATORY,11:00,13:00,Tuesday,"22, 24, 26, 28, 33, 35","15/02/2022,01/03/2022,15/03/2022,29/03/2022,03/05/2022,17/05/2022",30,Kilburn_Tootill 0,Checked
COMP25212/LAB/G,COMP25212,LABORATORY,14:00,16:00,Monday,"22, 24, 26, 28, 33, 35","14/02/2022,28/02/2022,14/03/2022,28/03/2022,02/05/2022,16/05/2022",30,Kilburn_Tootill 0,Checked
COMP26020/LAB/SEM1/01,COMP26020,LABORATORY,11:00,13:00,Friday,"3, 5, 8, 10, 12-13","08/10/2021,22/10/2021,12/11/2021,26/11/2021,10/12/2021,17/12/2021",160,Kilburn_1.8+1.10,Checked
COMP26020/LAB/SEM1/02,COMP26020,LABORATORY,16:00,18:00,Friday,"3, 5, 8, 10, 12-13","08/10/2021,22/10/2021,12/11/2021,26/11/2021,10/12/2021,17/12/2021",160,Kilburn_1.8+1.10,Checked
COMP26020/LAB/SEM1/03,COMP26020,LABORATORY,14:00,16:00,Friday,"3, 5, 8, 10, 12-13","08/10/2021,22/10/2021,12/11/2021,26/11/2021,10/12/2021,17/12/2021",160,Kilburn_1.8+1.10,Checked
COMP26020/LAB/SEM2/F,COMP26020,LABORATORY,11:00,13:00,Tuesday,"22, 24, 26, 28, 33, 35","15/02/2022,01/03/2022,15/03/2022,29/03/2022,03/05/2022,17/05/2022",120,Kilburn_1.8+1.10,Checked
COMP26020/LAB/SEM2/G,COMP26020,LABORATORY,9:00,11:00,Thursday,"22, 24, 26, 28, 33, 35","17/02/2022,03/03/2022,17/03/2022,31/03/2022,05/05/2022,19/05/2022",120,Kilburn_1.8+1.10,Checked
COMP26020/LAB/SEM2/H,COMP26020,LABORATORY,16:00,18:00,Monday,"22, 24, 26, 28, 33, 35","14/02/2022,28/02/2022,14/03/2022,28/03/2022,02/05/2022,16/05/2022",120,Kilburn_1.8+1.10,Checked
COMP26120/LAB/SEM2/F,COMP26120,LABORATORY,10:00,12:00,Wednesday,"21-28, 32-35","09/02/2022,16/02/2022,23/02/2022,02/03/2022,09/03/2022,16/03/2022,23/03/2022,30/03/2022,27/04/2022,04/05/2022,11/05/2022,18/05/2022",150,Kilburn_1.8+1.10,Checked
COMP27112/LAB/H,COMP27112,LABORATORY,14:00,16:00,Friday,"23, 25, 27, 32, 34","25/02/2022,11/03/2022,25/03/2022,29/04/2022,13/05/2022",98,Kilburn_1.10,Checked
COMP28112/LAB/F,COMP28112,LABORATORY,11:00,13:00,Tuesday,"23, 25, 27, 32, 34","22/02/2022,08/03/2022,22/03/2022,26/04/2022,10/05/2022",106,Kilburn_1.10,Checked
COMP28112/LAB/G,COMP28112,LABORATORY,14:00,16:00,Monday,"23, 25, 27, 32, 34","21/02/2022,07/03/2022,21/03/2022,25/04/2022,09/05/2022",106,Kilburn_1.10,Checked
COMP28112/LAB/H,COMP28112,LABORATORY,16:00,18:00,Monday,"23, 25, 27, 32, 34","21/02/2022,07/03/2022,21/03/2022,25/04/2022,09/05/2022",106,Kilburn_1.10,Checked
COMP2HCI/TUT/SEM1,COMP2HCI,TUTORIAL,10:00,11:00,Monday,"4, 9","11/10/2021,15/11/2021",15,Kilburn_G36,Checked
COMP2PASS/SEM1/01,COMP2PASS,PASS,12:00,13:00,Thursday,"2-6, 8-13","30/09/2021,07/10/2021,14/10/2021,21/10/2021,28/10/2021,11/11/2021,18/11/2021,25/11/2021,02/12/2021,09/12/2021,16/12/2021",96,Kilburn_Collab (1+2),Checked
COMP2PASS/SEM2/room/01,COMP2PASS,PASS,12:00,13:00,Thursday,"21-28, 32-34","10/02/2022,17/02/2022,24/02/2022,03/03/2022,10/03/2022,17/03/2022,24/03/2022,31/03/2022,28/04/2022,05/05/2022,12/05/2022",15,Kilburn_Collab 2,Checked
COMP2PASS/SEM2/room/02,COMP2PASS,PASS,12:00,13:00,Thursday,"21-28, 32-34","10/02/2022,17/02/2022,24/02/2022,03/03/2022,10/03/2022,17/03/2022,24/03/2022,31/03/2022,28/04/2022,05/05/2022,12/05/2022",15,Kilburn_G36,Checked
COMP2PASS/SEM2/room/03,COMP2PASS,PASS,12:00,13:00,Thursday,"21-28, 32-34","10/02/2022,17/02/2022,24/02/2022,03/03/2022,10/03/2022,17/03/2022,24/03/2022,31/03/2022,28/04/2022,05/05/2022,12/05/2022",15,Kilburn_G41,Checked
COMP2PASS/SEM2/room/04,COMP2PASS,PASS,12:00,13:00,Thursday,"21-28, 32-34","10/02/2022,17/02/2022,24/02/2022,03/03/2022,10/03/2022,17/03/2022,24/03/2022,31/03/2022,28/04/2022,05/05/2022,12/05/2022",15,Kilburn_Collab 1,Checked
COMP2PASS/SEM2/room/05,COMP2PASS,PASS,12:00,13:00,Thursday,"21-28, 32-34","10/02/2022,17/02/2022,24/02/2022,03/03/2022,10/03/2022,17/03/2022,24/03/2022,31/03/2022,28/04/2022,05/05/2022,12/05/2022",15,Kilburn_2.15,Checked
COMP32211/LAB,COMP32211,LABORATORY,11:00,12:00,Monday,"2-6, 8-13","27/09/2021,04/10/2021,11/10/2021,18/10/2021,25/10/2021,08/11/2021,15/11/2021,22/11/2021,29/11/2021,06/12/2021,13/12/2021",30,Kilburn_Tootill 0,Checked
COMP32211/LEC,COMP32211,LECTURE,10:00,12:00,Monday,"2-6, 8-13","27/09/2021,04/10/2021,11/10/2021,18/10/2021,25/10/2021,08/11/2021,15/11/2021,22/11/2021,29/11/2021,06/12/2021,13/12/2021",30,Kilburn_TH 1.1,Checked
COMP33511/LEC/01,COMP33511,WORKSHOP,13:00,14:00,Thursday,"2-6, 8-13","30/09/2021,07/10/2021,14/10/2021,21/10/2021,28/10/2021,11/11/2021,18/11/2021,25/11/2021,02/12/2021,09/12/2021,16/12/2021",100,Kilburn_IT407,Checked
COMP33511/LEC/02,COMP33511,WORKSHOP,10:00,11:00,Wednesday,"2-6, 8-13","29/09/2021,06/10/2021,13/10/2021,20/10/2021,27/10/2021,10/11/2021,17/11/2021,24/11/2021,01/12/2021,08/12/2021,15/12/2021",100,Kilburn_IT407,Checked
COMP34212/SEM2/LAB,COMP34212,LABORATORY,11:00,13:00,Friday,25-28,"11/03/2022,18/03/2022,25/03/2022,01/04/2022",150,Kilburn_1.8+1.10,Checked
COMP34711/LAB/01,COMP34711,LABORATORY,14:00,15:00,Friday,"3, 5, 8, 10, 12","08/10/2021,22/10/2021,12/11/2021,26/11/2021,10/12/2021",80,Kilburn_Tootill (0 + 1),Checked
COMP34711/LAB/02,COMP34711,LABORATORY,15:00,16:00,Friday,"3, 5, 8, 10, 12","08/10/2021,22/10/2021,12/11/2021,26/11/2021,10/12/2021",80,Kilburn_Tootill (0 + 1),Checked
COMP34812/LEC/01/01,COMP34812,LECTURE,9:00,10:00,Monday,"21-28, 32-35","07/02/2022,14/02/2022,21/02/2022,28/02/2022,07/03/2022,14/03/2022,21/03/2022,28/03/2022,25/04/2022,02/05/2022,09/05/2022,16/05/2022",80,Kilburn_TH 1.5,Checked
COMP34812/WKSP/01,COMP34812,WORKSHOP,10:00,11:00,Friday,"24, 26, 28, 33, 35","04/03/2022,18/03/2022,01/04/2022,06/05/2022,20/05/2022",80,Kilburn_IT407,Checked
COMP35112/LAB,COMP35112,LABORATORY,16:00,18:00,Tuesday,"23-26, 32-33","22/02/2022,01/03/2022,08/03/2022,15/03/2022,26/04/2022,03/05/2022",60,Kilburn_LF31,Checked
COMP35112/LEC/LEC1,COMP35112,LECTURE,9:00,10:00,Tuesday,"21-28, 32-34","08/02/2022,15/02/2022,22/02/2022,01/03/2022,08/03/2022,15/03/2022,22/03/2022,29/03/2022,26/04/2022,03/05/2022,10/05/2022",60,Kilburn_TH 1.3,Checked
COMP36212/LEC/01,COMP36212,LECTURE,10:00,11:00,Tuesday,"21-28, 32-34","08/02/2022,15/02/2022,22/02/2022,01/03/2022,08/03/2022,15/03/2022,22/03/2022,29/03/2022,26/04/2022,03/05/2022,10/05/2022",80,Kilburn_TH 1.3,Checked
COMP37212/LAB,COMP37212,LABORATORY,11:00,12:00,Monday,"22-28, 32-34","14/02/2022,21/02/2022,28/02/2022,07/03/2022,14/03/2022,21/03/2022,28/03/2022,25/04/2022,02/05/2022,09/05/2022",130,Kilburn_1.8+1.10,Checked
COMP38311/WRK/F2F/04/F2F,COMP38311,WORKSHOP,17:00,18:00,Tuesday,9,16/11/2021,85,Kilburn_1.8+1.10,Checked
COMP3HCI/TUT/SEM1,COMP3HCI,ONLINE TUTORIAL,15:00,16:00,Monday,"4, 9","11/10/2021,15/11/2021",15,Kilburn_G36,Checked
COMP60332/LEC+LAB,COMP60332,LABORATORY,13:00,17:00,Friday,22-25,"18/02/2022,25/02/2022,04/03/2022,11/03/2022",40,Kilburn_2.19+2.25B,Checked
COMP60332/LEC1w1,COMP60332,LECTURE,9:00,17:00,Friday,21,11/02/2022,40,Kilburn_2.15,Checked
COMP60332/LECw2-5,COMP60332,LECTURE,9:00,13:00,Friday,22-25,"18/02/2022,25/02/2022,04/03/2022,11/03/2022",40,Kilburn_2.15,Checked
COMP60532/LAB,COMP60532,WORKSHOP,14:00,17:00,Thursday,21-25,"10/02/2022,17/02/2022,24/02/2022,03/03/2022,10/03/2022",55,Kilburn_Collab (1+2),Checked
COMP60532/LEC,COMP60532,LECTURE,10:00,13:00,Thursday,21-25,"10/02/2022,17/02/2022,24/02/2022,03/03/2022,10/03/2022",55,Kilburn_2.19,Checked
COMP60542/LEC,COMP60542,LECTURE,10:00,14:00,Thursday,"27-28, 32-34","24/03/2022,31/03/2022,28/04/2022,05/05/2022,12/05/2022",75,Kilburn_2.19,Checked
COMP60542/WRK,COMP60542,WORKSHOP,14:00,16:00,Thursday,"27-28, 32-34","24/03/2022,31/03/2022,28/04/2022,05/05/2022,12/05/2022",75,Kilburn_Collab (1+2),Checked
COMP60721/WSP/01,COMP60721,WORKSHOP,16:00,18:00,Thursday,8-12,"11/11/2021,18/11/2021,25/11/2021,02/12/2021,09/12/2021",15,Kilburn_2.11,Checked
COMP60721/WSP/02,COMP60721,WORKSHOP,16:00,18:00,Thursday,8-12,"11/11/2021,18/11/2021,25/11/2021,02/12/2021,09/12/2021",12,Kilburn_2.15,Checked
COMP60721/WSP/03,COMP60721,WORKSHOP,16:00,18:00,Thursday,8-12,"11/11/2021,18/11/2021,25/11/2021,02/12/2021,09/12/2021",22,Kilburn_2.19,Checked
COMP60721/WSP/04,COMP60721,WORKSHOP,16:00,18:00,Thursday,8-12,"11/11/2021,18/11/2021,25/11/2021,02/12/2021,09/12/2021",24,Kilburn_Collab 1,Checked
COMP60721/WSP/05,COMP60721,WORKSHOP,16:00,18:00,Thursday,8-12,"11/11/2021,18/11/2021,25/11/2021,02/12/2021,09/12/2021",12,Kilburn_Collab 2,Checked
COMP60721/WSP/06,COMP60721,WORKSHOP,16:00,18:00,Thursday,8-12,"11/11/2021,18/11/2021,25/11/2021,02/12/2021,09/12/2021",18,Kilburn_G41,Checked
COMP60721/WSP/07,COMP60721,WORKSHOP,16:00,18:00,Thursday,8-12,"11/11/2021,18/11/2021,25/11/2021,02/12/2021,09/12/2021",25,Kilburn_IT407,Checked
COMP61342/LAB,COMP61342,LABORATORY,13:00,16:00,Tuesday,"27-28, 32-34","22/03/2022,29/03/2022,26/04/2022,03/05/2022,10/05/2022",150,Kilburn_1.8+1.10,Checked
COMP61411/LAB2,COMP61411,LABORATORY,16:00,17:00,Monday,2-6,"27/09/2021,04/10/2021,11/10/2021,18/10/2021,25/10/2021",55,Kilburn_2.25 (A+B),Checked
COMP61411/Q&A/F2F,COMP61411,DROP-IN,14:00,15:00,Thursday,2-6,"30/09/2021,07/10/2021,14/10/2021,21/10/2021,28/10/2021",55,Kilburn_2.19,Checked
COMP61411/WRK/1/F2F,COMP61411,WORKSHOP,12:00,14:00,Monday,2-6,"27/09/2021,04/10/2021,11/10/2021,18/10/2021,25/10/2021",60,Kilburn_2.19,Checked
COMP61511/LEC5/F2F,COMP61511,LECTURE,12:00,14:00,Wednesday,2-6,"29/09/2021,06/10/2021,13/10/2021,20/10/2021,27/10/2021",45,Kilburn_2.25 (A+B),Checked
COMP62521/LEC/F2F,COMP62521,LECTURE,10:00,12:00,Tuesday,8-12,"09/11/2021,16/11/2021,23/11/2021,30/11/2021,07/12/2021",65,Kilburn_TH 1.3,Checked
COMP62532/LAB,COMP62532,LABORATORY,14:00,17:00,Monday,21-25,"07/02/2022,14/02/2022,21/02/2022,28/02/2022,07/03/2022",25,Kilburn_2.25B,Checked
COMP62532/LEC,COMP62532,LECTURE,9:00,13:00,Monday,21-25,"07/02/2022,14/02/2022,21/02/2022,28/02/2022,07/03/2022",25,Kilburn_2.15,Checked
COMP62542/LECw1-3,COMP62542,LECTURE,10:00,13:00,Monday,"27-28, 32","21/03/2022,28/03/2022,25/04/2022",25,Kilburn_2.15,Checked
COMP62542/LECw4-5,COMP62542,LECTURE,10:00,15:00,Monday,33-34,"02/05/2022,09/05/2022",25,Kilburn_2.15,Checked
COMP63342/LAB1,COMP63342,LABORATORY,13:00,17:00,Friday,"27, 32-33","25/03/2022,29/04/2022,06/05/2022",35,Kilburn_2.25B,Checked
COMP63342/LAB2,COMP63342,LABORATORY,13:00,17:00,Friday,34,13/05/2022,35,Kilburn_2.25 (A+B),Checked
"COMP63342/LECw1,5",COMP63342,LECTURE,9:00,17:00,Wednesday,27,23/03/2022,35,Kilburn_2.19,Checked
COMP63342/LECw2-4,COMP63342,LECTURE,9:00,12:00,Friday,"28, 32-33","01/04/2022,29/04/2022,06/05/2022",35,Kilburn_2.19,Checked
COMP66090/WRK/p3/01,COMP66090,WORKSHOP,10:00,13:00,Wednesday,21-26,"09/02/2022,16/02/2022,23/02/2022,02/03/2022,09/03/2022,16/03/2022",75,Kilburn_2.19,Checked
COMP66090/WRK/p3/02,COMP66090,WORKSHOP,10:00,13:00,Friday,21-26,"11/02/2022,18/02/2022,25/02/2022,04/03/2022,11/03/2022,18/03/2022",75,Kilburn_2.19,Checked
COMP6INTRO/LEC/Mon,COMP6INTRO,LECTURE,10:00,12:00,Monday,1,20/09/2021,150,Kilburn_TH 1.1,Checked
COMP82020/LEC1,COMP82020,LECTURE,12:00,13:00,Wednesday,8-12,"10/11/2021,17/11/2021,24/11/2021,01/12/2021,08/12/2021",36,Kilburn_TH 1.5,Checked
"COMP82020/Sem1&2/sem/01, COMP83020/Sem1&2/sem/01, COMP84020/Sem1&2/sem/01, COMP81020/Sem1&2/sem/01","COMP81020, COMP82020, COMP83020, COMP84020",SEMINAR,14:00,15:00,Wednesday,"21-28, 32-35","09/02/2022,16/02/2022,23/02/2022,02/03/2022,09/03/2022,16/03/2022,23/03/2022,30/03/2022,27/04/2022,04/05/2022,11/05/2022,18/05/2022",75,Kilburn_TH 1.3,Checked
COMP83020/LEC1,COMP83020,ONLINE LECTURE,14:00,17:00,Tuesday,7,02/11/2021,40,Kilburn_IT407,Checked
COMP83020/LEC2,COMP83020,ONLINE LECTURE,14:00,17:00,Thursday,7,04/11/2021,35,Kilburn_IT407,Checked
COMP83020/LEC3/01,COMP83020,ONLINE LECTURE,14:00,17:00,Tuesday,20,01/02/2022,35,Kilburn_IT407,Checked
COMP83020/LEC4/01,COMP83020,ONLINE LECTURE,14:00,17:00,Thursday,20,03/02/2022,35,Kilburn_IT407,Checked
COMP8INTRO/REG/GIT,COMP8INTRO,WELCOME,10:00,17:00,Thursday,1,23/09/2021,32,Kilburn_Atlas 1,Checked
COMP8SYMP/LEC/1.1,COMP8SYMP,LECTURE,9:00,13:00,Tuesday,31,19/04/2022,200,Kilburn_TH 1.1,Checked
COMP8SYMP/LEC/1.3/01,COMP8SYMP,LECTURE,9:00,17:00,Wednesday,31,20/04/2022,75,Kilburn_TH 1.3,Checked
COMP8SYMP/LEC/1.3/02,COMP8SYMP,LECTURE,9:00,17:00,Thursday,31,21/04/2022,75,Kilburn_TH 1.3,Checked
COMP8SYMP/LEC/1.3/03,COMP8SYMP,LECTURE,9:00,17:00,Friday,31,22/04/2022,75,Kilburn_TH 1.3,Checked
COMP8SYMP/PostersLunch,COMP8SYMP,WORKSHOP,9:00,17:00,Tuesday,31,19/04/2022,165,Kilburn_LF Area,Checked
COMP-NEST/MEETING,COMP-NEST,RESEARCH,10:00,11:00,Friday,2-13,"01/10/2021,08/10/2021,15/10/2021,22/10/2021,29/10/2021,05/11/2021,12/11/2021,19/11/2021,26/11/2021,03/12/2021,10/12/2021,17/12/2021",20,Kilburn_IT407,Checked
COMP-NEST/MEETING,COMP-NEST,RESEARCH,10:00,11:00,Friday,"21-28, 32-35","11/02/2022,18/02/2022,25/02/2022,04/03/2022,11/03/2022,18/03/2022,25/03/2022,01/04/2022,29/04/2022,06/05/2022,13/05/2022,20/05/2022",20,Kilburn_G36,Checked
COMP-SEMINAR,COMP-SEMINAR,LECTURE,13:00,15:00,Wednesday,2-13,"29/09/2021,06/10/2021,13/10/2021,20/10/2021,27/10/2021,03/11/2021,10/11/2021,17/11/2021,24/11/2021,01/12/2021,08/12/2021,15/12/2021",75,Kilburn_TH 1.5,Checked
COMP-SEMINAR-S2,COMP-SEMINAR,LECTURE,14:00,16:00,Wednesday,"21-28, 32-35","09/02/2022,16/02/2022,23/02/2022,02/03/2022,09/03/2022,16/03/2022,23/03/2022,30/03/2022,27/04/2022,04/05/2022,11/05/2022,18/05/2022",75,Kilburn_TH 1.5,Checked
COMP-Visit days/Sem1/Tue,COMP-Visit days,SCHOOL VISIT/UCAS DAYS,9:00,17:00,Tuesday,8-13,"09/11/2021,16/11/2021,23/11/2021,30/11/2021,07/12/2021,14/12/2021",20,Kilburn_IT407,Checked
COMP-Visit days/Sem1/Tue/Tutorial,COMP-Visit days,SCHOOL VISIT/UCAS DAYS,14:00,16:00,Tuesday,8-13,"09/11/2021,16/11/2021,23/11/2021,30/11/2021,07/12/2021,14/12/2021",10,"Kilburn_Atlas 2,Kilburn_IT401,Kilburn_Mercury",Checked
COMP-Visit days/Sem2/Tue,COMP-Visit days,SCHOOL VISIT/UCAS DAYS,9:00,17:00,Tuesday,21-28,"08/02/2022,15/02/2022,22/02/2022,01/03/2022,08/03/2022,15/03/2022,22/03/2022,29/03/2022",10,Kilburn_IT407,Checked
COMP-Visit days/Sem2/Tue/Tutorial,COMP-Visit days,SCHOOL VISIT/UCAS DAYS,14:00,17:00,Tuesday,21-28,"08/02/2022,15/02/2022,22/02/2022,01/03/2022,08/03/2022,15/03/2022,22/03/2022,29/03/2022",2,"Kilburn_Atlas 2,Kilburn_IT401,Kilburn_Mercury",Checked
CRIM10072/Lecture,CRIM10072,LECTURE,11:00,13:00,Tuesday,"21-28, 32-35","08/02/2022,15/02/2022,22/02/2022,01/03/2022,08/03/2022,15/03/2022,22/03/2022,29/03/2022,26/04/2022,03/05/2022,10/05/2022,17/05/2022",282,Kilburn_TH 1.1,Checked
DATA70132/Practical/01,DATA70132,PRACTICAL,11:00,13:00,Wednesday,"21-28, 32-35","09/02/2022,16/02/2022,23/02/2022,02/03/2022,09/03/2022,16/03/2022,23/03/2022,30/03/2022,27/04/2022,04/05/2022,11/05/2022,18/05/2022",50,Kilburn_LF31,Checked
DENT10010/BDS3/LEC/WedsAM/01,DENT31000,LECTURE,9:00,12:30,Wednesday,1,22/09/2021,80,Kilburn_TH 1.3,Checked
DENT10340/BDS1/Intro to Dentistry/05,"DENT10350, DENT10340",LECTURE,14:30,15:30,Thursday,3-13,"07/10/2021,14/10/2021,21/10/2021,28/10/2021,04/11/2021,11/11/2021,18/11/2021,25/11/2021,02/12/2021,09/12/2021,16/12/2021",25,Kilburn_TH 1.5,Checked
"DENT21050/BSc2/BDS Year 3 Symposium, DENT31000/BDS3/Symposium [See BB for Lecture Schedule]","DENT31000, DENT21050",LECTURE,9:00,11:00,Thursday,"17-29, 32, 34, 38-44","13/01/2022,20/01/2022,27/01/2022,03/02/2022,10/02/2022,17/02/2022,24/02/2022,03/03/2022,10/03/2022,17/03/2022,24/03/2022,31/03/2022,07/04/2022,28/04/2022,12/05/2022,09/06/2022,16/06/2022,23/06/2022,30/06/2022,07/07/2022,14/07/2022,21/07/2022",89,Kilburn_TH 1.1,Checked
DENT50120/BDS5/Symposia Lecture T1 (See BB for Lecture Schedule)/01 <02-05>,DENT50120,LECTURE,9:00,12:00,Friday,2-5,"01/10/2021,08/10/2021,15/10/2021,22/10/2021",80,Kilburn_TH 1.3,Checked
EART29102/LEC/LEC1 <21-22>,EART29102,LECTURE,10:00,11:00,Monday,21-22,"07/02/2022,14/02/2022",60,Kilburn_TH 1.5,Checked
EART29102/LEC/LEC1 <23>,EART29102,LECTURE,10:00,11:00,Monday,23,21/02/2022,60,Kilburn_TH 1.5,Checked
EART29102/LEC/LEC1 <25-27>,EART29102,LECTURE,10:00,11:00,Monday,25-27,"07/03/2022,14/03/2022,21/03/2022",60,Kilburn_TH 1.5,Checked
EART29102/LEC/LEC1 <28>,EART29102,LECTURE,10:00,11:00,Monday,28,28/03/2022,60,Kilburn_TH 1.5,Checked
EART29102/LEC/LEC1 <34>,EART29102,LECTURE,10:00,11:00,Monday,34,09/05/2022,60,Kilburn_TH 1.5,Checked
EART29102/LEC/LEC1 <35>,EART29102,LECTURE,10:00,11:00,Monday,35,16/05/2022,60,Kilburn_TH 1.5,Checked
ECON10061/Class/09,ECON10061,CLASS,14:00,15:00,Thursday,"3-6, 8-13","07/10/2021,14/10/2021,21/10/2021,28/10/2021,11/11/2021,18/11/2021,25/11/2021,02/12/2021,09/12/2021,16/12/2021",25,Kilburn_TH 1.4,Checked
ECON10171/Lecture 2/01,ECON10171,LECTURE,12:00,13:00,Wednesday,"2-6, 9-10","29/09/2021,06/10/2021,13/10/2021,20/10/2021,27/10/2021,17/11/2021,24/11/2021",282,Kilburn_TH 1.1,Checked
ECON32202/Lecture/01,ECON32202,LECTURE,12:00,14:00,Thursday,"21-28, 32-35","10/02/2022,17/02/2022,24/02/2022,03/03/2022,10/03/2022,17/03/2022,24/03/2022,31/03/2022,28/04/2022,05/05/2022,12/05/2022,19/05/2022",80,Kilburn_TH 1.3,Checked
ECON60212/Lecture/01,ECON60212,LECTURE,13:00,15:00,Friday,"21-28, 32-35","11/02/2022,18/02/2022,25/02/2022,04/03/2022,11/03/2022,18/03/2022,25/03/2022,01/04/2022,29/04/2022,06/05/2022,13/05/2022,20/05/2022",70,Kilburn_TH 1.4,Checked
ECON60552/Lecture/01,ECON60552,LECTURE,9:00,11:00,Wednesday,"21-28, 32-35","09/02/2022,16/02/2022,23/02/2022,02/03/2022,09/03/2022,16/03/2022,23/03/2022,30/03/2022,27/04/2022,04/05/2022,11/05/2022,18/05/2022",70,Kilburn_TH 1.3,Checked
EDUC11382/LEC/SEM2/01,EDUC11382,LECTURE,13:00,15:00,Tuesday,"21-28, 32-35","08/02/2022,15/02/2022,22/02/2022,01/03/2022,08/03/2022,15/03/2022,22/03/2022,29/03/2022,26/04/2022,03/05/2022,10/05/2022,17/05/2022",50,Kilburn_TH 1.3,Checked
EDUC20231/LEC/SEM1/01,EDUC20231,LECTURE,14:00,16:00,Tuesday,"2-6, 8-13","28/09/2021,05/10/2021,12/10/2021,19/10/2021,26/10/2021,09/11/2021,16/11/2021,23/11/2021,30/11/2021,07/12/2021,14/12/2021",55,Kilburn_TH 1.3,Checked
EDUC21740/LEC/SEM1/01,EDUC21740,LECTURE,13:00,15:00,Tuesday,"2-6, 8-13","28/09/2021,05/10/2021,12/10/2021,19/10/2021,26/10/2021,09/11/2021,16/11/2021,23/11/2021,30/11/2021,07/12/2021,14/12/2021",75,Kilburn_TH 1.5,Checked
EDUC30221/LEC/SEM1/01,EDUC30221,LECTURE,13:00,15:00,Monday,"2-6, 8-13","27/09/2021,04/10/2021,11/10/2021,18/10/2021,25/10/2021,08/11/2021,15/11/2021,22/11/2021,29/11/2021,06/12/2021,13/12/2021",55,Kilburn_TH 1.5,Checked
EDUC33050/LEC/SEM2/01,EDUC33050,LECTURE,13:30,15:00,Thursday,"21-28, 32-33","10/02/2022,17/02/2022,24/02/2022,03/03/2022,10/03/2022,17/03/2022,24/03/2022,31/03/2022,28/04/2022,05/05/2022",35,Kilburn_TH 1.1,Checked
EDUC60150/LEC/24.01.22,EDUC60150,LECTURE,9:00,12:00,Monday,19,24/01/2022,180,Kilburn_TH 1.1,Checked
EDUC60491/LEC/LEC1/01,EDUC60491,LECTURE,11:00,13:00,Tuesday,2-13,"28/09/2021,05/10/2021,12/10/2021,19/10/2021,26/10/2021,02/11/2021,09/11/2021,16/11/2021,23/11/2021,30/11/2021,07/12/2021,14/12/2021",280,Kilburn_TH 1.1,Checked
EDUC67890/LEC/LEC1/SEM1/06,EDUC67890,SEMINAR,15:00,17:00,Monday,"3-7, 9, 11","04/10/2021,11/10/2021,18/10/2021,25/10/2021,01/11/2021,15/11/2021,29/11/2021",50,Kilburn_TH 1.3,Checked
EDUC67890/LEC/LEC1/SEM1/07,EDUC67890,SEMINAR,15:00,17:00,Monday,"3-7, 9, 11","04/10/2021,11/10/2021,18/10/2021,25/10/2021,01/11/2021,15/11/2021,29/11/2021",50,Kilburn_TH 1.5,Checked
EDUC71331/SEM/SEM/05,EDUC71331,SEMINAR,11:00,13:00,Monday,2-13,"27/09/2021,04/10/2021,11/10/2021,18/10/2021,25/10/2021,01/11/2021,08/11/2021,15/11/2021,22/11/2021,29/11/2021,06/12/2021,13/12/2021",40,Kilburn_TH 1.5,Checked
ELAN61142/Lecture/,ELAN61142,LECTURE,14:00,16:00,Monday,"21-28, 32-35","07/02/2022,14/02/2022,21/02/2022,28/02/2022,07/03/2022,14/03/2022,21/03/2022,28/03/2022,25/04/2022,02/05/2022,09/05/2022,16/05/2022",75,Kilburn_TH 1.4,Checked
ENGL10021/Lecture/,ENGL10021,LECTURE,12:00,14:00,Monday,"2-6, 8-13","27/09/2021,04/10/2021,11/10/2021,18/10/2021,25/10/2021,08/11/2021,15/11/2021,22/11/2021,29/11/2021,06/12/2021,13/12/2021",240,Kilburn_TH 1.1,Checked
ENGL20372/Lecture/,ENGL20372,LECTURE,11:00,13:00,Monday,"21-28, 32-35","07/02/2022,14/02/2022,21/02/2022,28/02/2022,07/03/2022,14/03/2022,21/03/2022,28/03/2022,25/04/2022,02/05/2022,09/05/2022,16/05/2022",80,Kilburn_TH 1.5,Checked
"ENGL33081/Lecture/ <03-06, 08-13>",ENGL33081,LECTURE,10:00,11:00,Monday,"3-6, 8-13","04/10/2021,11/10/2021,18/10/2021,25/10/2021,08/11/2021,15/11/2021,22/11/2021,29/11/2021,06/12/2021,13/12/2021",80,Kilburn_TH 1.5,Checked
FOUN10022/LAB/COMP,FOUN10022,LABORATORY,14:00,17:00,Thursday,"22-28, 32-35","17/02/2022,24/02/2022,03/03/2022,10/03/2022,17/03/2022,24/03/2022,31/03/2022,28/04/2022,05/05/2022,12/05/2022,19/05/2022",70,Kilburn_LF31,Checked
GEOG20072/SEM/SEM1/05/Crete,GEOG20072,SEMINAR,10:00,12:00,Friday,"23-28, 32","25/02/2022,04/03/2022,11/03/2022,18/03/2022,25/03/2022,01/04/2022,29/04/2022",50,Kilburn_TH 1.3,Checked
GEOG70472/LEC/LEC1/01,GEOG70472,LECTURE,14:00,16:00,Thursday,"21-28, 32-35","10/02/2022,17/02/2022,24/02/2022,03/03/2022,10/03/2022,17/03/2022,24/03/2022,31/03/2022,28/04/2022,05/05/2022,12/05/2022,19/05/2022",70,Kilburn_TH 1.5,Checked
GEOG70911/LEC/LEC1/01,GEOG70911,LECTURE,11:00,13:00,Wednesday,"2-6, 8-13","29/09/2021,06/10/2021,13/10/2021,20/10/2021,27/10/2021,10/11/2021,17/11/2021,24/11/2021,01/12/2021,08/12/2021,15/12/2021",80,Kilburn_TH 1.3,Checked
GEOG70952/LEC/LEC/01,GEOG70952,LECTURE,11:00,13:00,Wednesday,"21-28, 32-35","09/02/2022,16/02/2022,23/02/2022,02/03/2022,09/03/2022,16/03/2022,23/03/2022,30/03/2022,27/04/2022,04/05/2022,11/05/2022,18/05/2022",70,Kilburn_TH 1.3,Checked
"GERM30482/Lecture/, DRAM70482/Lecture/","GERM30482, DRAM70482",LECTURE,11:00,12:00,Monday,"21-28, 32-34","07/02/2022,14/02/2022,21/02/2022,28/02/2022,07/03/2022,14/03/2022,21/03/2022,28/03/2022,25/04/2022,02/05/2022,09/05/2022",30,Kilburn_TH 1.4,Checked
HIST20482/Lecture A/,HIST20482,LECTURE,12:00,13:00,Wednesday,"21-28, 32-35","09/02/2022,16/02/2022,23/02/2022,02/03/2022,09/03/2022,16/03/2022,23/03/2022,30/03/2022,27/04/2022,04/05/2022,11/05/2022,18/05/2022",75,Kilburn_TH 1.4,Checked
HIST21152/Lecture A/,HIST21152,LECTURE,10:00,11:00,Monday,"21-28, 32-35","07/02/2022,14/02/2022,21/02/2022,28/02/2022,07/03/2022,14/03/2022,21/03/2022,28/03/2022,25/04/2022,02/05/2022,09/05/2022,16/05/2022",30,Kilburn_TH 1.4,Checked
HIST30970/S2/Lecture/,HIST30970,LECTURE,14:00,15:00,Friday,23,25/02/2022,260,Kilburn_TH 1.1,Checked
ICOM60042/Lecture/ <23>,ICOM60042,LECTURE,10:00,12:00,Thursday,23,24/02/2022,35,Kilburn_TH 1.4,Checked
ITAL10300/S1/Lecture/,ITAL10300,LECTURE,12:00,13:00,Tuesday,"2-6, 8-13","28/09/2021,05/10/2021,12/10/2021,19/10/2021,26/10/2021,09/11/2021,16/11/2021,23/11/2021,30/11/2021,07/12/2021,14/12/2021",40,Kilburn_TH 1.3,Checked
JAPA10030/S2/Lecture/,JAPA10030,LECTURE,12:00,14:00,Tuesday,"21-28, 32-34","08/02/2022,15/02/2022,22/02/2022,01/03/2022,08/03/2022,15/03/2022,22/03/2022,29/03/2022,26/04/2022,03/05/2022,10/05/2022",80,Kilburn_TH 1.5,Checked
"LAWS70700/Lecture - Semester 1/01, LAWS70901/Lecture/01","LAWS70901, LAWS70700",LECTURE,15:00,16:00,Tuesday,"5-6, 8, 10, 12-13","19/10/2021,26/10/2021,09/11/2021,23/11/2021,07/12/2021,14/12/2021",250,Kilburn_TH 1.1,Checked
LELA20962/Lecture/,LELA20962,LECTURE,16:00,18:00,Monday,"21-28, 32-34","07/02/2022,14/02/2022,21/02/2022,28/02/2022,07/03/2022,14/03/2022,21/03/2022,28/03/2022,25/04/2022,02/05/2022,09/05/2022",65,Kilburn_TH 1.4,Checked
"LELA30962/Lecture/, LELA60692/Lecture/","LELA30962, LELA60692",LECTURE,9:00,11:00,Monday,"21-28, 32-34","07/02/2022,14/02/2022,21/02/2022,28/02/2022,07/03/2022,14/03/2022,21/03/2022,28/03/2022,25/04/2022,02/05/2022,09/05/2022",45,Kilburn_TH 1.3,Checked
MACE60561/LEC1,MACE60561,LECTURE,9:00,11:00,Tuesday,"2, 4, 6, 8, 10, 12-13","28/09/2021,12/10/2021,26/10/2021,09/11/2021,23/11/2021,07/12/2021,14/12/2021",180,Kilburn_TH 1.1,Checked
MATH10141/TUT/03,MATH10141,TUTORIAL,16:00,17:00,Tuesday,"2-6, 8-13","28/09/2021,05/10/2021,12/10/2021,19/10/2021,26/10/2021,09/11/2021,16/11/2021,23/11/2021,30/11/2021,07/12/2021,14/12/2021",70,Kilburn_TH 1.3,Checked
MATH10141/TUT/05,MATH10141,TUTORIAL,14:00,15:00,Thursday,"2-6, 8-13","30/09/2021,07/10/2021,14/10/2021,21/10/2021,28/10/2021,11/11/2021,18/11/2021,25/11/2021,02/12/2021,09/12/2021,16/12/2021",70,Kilburn_TH 1.3,Checked
MATH19641/Review Session,MATH19641,CLASS,9:00,10:00,Thursday,2-13,"30/09/2021,07/10/2021,14/10/2021,21/10/2021,28/10/2021,04/11/2021,11/11/2021,18/11/2021,25/11/2021,02/12/2021,09/12/2021,16/12/2021",70,Kilburn_TH 1.4,Checked
MATH20062/Review Session2/01,MATH20062,CLASS,11:00,13:00,Monday,21,07/02/2022,210,Kilburn_TH 1.1,Checked
MATH20522/Review Session,MATH20522,CLASS,11:00,12:00,Tuesday,"21-28, 32-35","08/02/2022,15/02/2022,22/02/2022,01/03/2022,08/03/2022,15/03/2022,22/03/2022,29/03/2022,26/04/2022,03/05/2022,10/05/2022,17/05/2022",75,Kilburn_TH 1.5,Checked
MATH20722/Review Session,MATH20722,CLASS,13:00,15:00,Monday,"21-28, 32-35","07/02/2022,14/02/2022,21/02/2022,28/02/2022,07/03/2022,14/03/2022,21/03/2022,28/03/2022,25/04/2022,02/05/2022,09/05/2022,16/05/2022",80,Kilburn_TH 1.5,Checked
MATH20802/Review Session,MATH20802,CLASS,16:00,17:00,Monday,"21-28, 32-35","07/02/2022,14/02/2022,21/02/2022,28/02/2022,07/03/2022,14/03/2022,21/03/2022,28/03/2022,25/04/2022,02/05/2022,09/05/2022,16/05/2022",280,Kilburn_TH 1.1,Checked
MATH20912/TUT/2,MATH20912,TUTORIAL,10:00,11:00,Friday,"21-28, 32-35","11/02/2022,18/02/2022,25/02/2022,04/03/2022,11/03/2022,18/03/2022,25/03/2022,01/04/2022,29/04/2022,06/05/2022,13/05/2022,20/05/2022",75,Kilburn_TH 1.4,Checked
MATH32091/TUT/01,MATH32091,TUTORIAL,13:00,14:00,Thursday,"2-6, 8-13","30/09/2021,07/10/2021,14/10/2021,21/10/2021,28/10/2021,11/11/2021,18/11/2021,25/11/2021,02/12/2021,09/12/2021,16/12/2021",80,Kilburn_TH 1.3,Checked
MATH35021/Review Session,MATH35021,CLASS,9:00,10:00,Tuesday,"2-6, 8-13","28/09/2021,05/10/2021,12/10/2021,19/10/2021,26/10/2021,09/11/2021,16/11/2021,23/11/2021,30/11/2021,07/12/2021,14/12/2021",74,Kilburn_TH 1.4,Checked
"MATH43011/Review Session, MATH63011/Review Session","MATH63011, MATH43011",CLASS,11:00,12:00,Tuesday,"2-6, 8-13","28/09/2021,05/10/2021,12/10/2021,19/10/2021,26/10/2021,09/11/2021,16/11/2021,23/11/2021,30/11/2021,07/12/2021,14/12/2021",50,Kilburn_TH 1.5,Checked
"MATH48052/TUT1, MATH68052/TUT1","MATH48052, MATH68052",TUTORIAL,10:00,11:00,Wednesday,"21-28, 32-35","09/02/2022,16/02/2022,23/02/2022,02/03/2022,09/03/2022,16/03/2022,23/03/2022,30/03/2022,27/04/2022,04/05/2022,11/05/2022,18/05/2022",75,Kilburn_TH 1.5,Checked
"MATH48061/Review Session, MATH68061/Review Session","MATH68061, MATH48061",CLASS,12:00,13:00,Tuesday,"2-6, 8-13","28/09/2021,05/10/2021,12/10/2021,19/10/2021,26/10/2021,09/11/2021,16/11/2021,23/11/2021,30/11/2021,07/12/2021,14/12/2021",60,Kilburn_TH 1.5,Checked
"MATH48122/Review Session, MATH68122/Review Session","MATH48122, MATH68122",CLASS,10:00,11:00,Thursday,"21-28, 32-35","10/02/2022,17/02/2022,24/02/2022,03/03/2022,10/03/2022,17/03/2022,24/03/2022,31/03/2022,28/04/2022,05/05/2022,12/05/2022,19/05/2022",60,Kilburn_TH 1.5,Checked
"MATH48181/Review Session, MATH68181/Review Session","MATH68181, MATH48181",CLASS,10:00,11:00,Wednesday,"2-6, 8-13","29/09/2021,06/10/2021,13/10/2021,20/10/2021,27/10/2021,10/11/2021,17/11/2021,24/11/2021,01/12/2021,08/12/2021,15/12/2021",65,Kilburn_TH 1.4,Checked
MATHS1000/Foundations of Pure Mathematics B,MATHS1000,LECTURE,10:00,11:00,Friday,1,24/09/2021,264,Kilburn_TH 1.1,Checked
MCEL30002/LECTURE/01,MCEL30002,LECTURE,10:00,12:00,Thursday,"21, 23-24, 26, 28, 33-34","10/02/2022,24/02/2022,03/03/2022,17/03/2022,31/03/2022,05/05/2022,12/05/2022",60,Kilburn_TH 1.3,Checked
MCEL30002/WORKSHOP/01,MCEL30002,WORKSHOP,10:00,12:00,Thursday,"22, 25, 27, 32","17/02/2022,10/03/2022,24/03/2022,28/04/2022",60,Kilburn_TH 1.3,Checked
MCEL30051&MCEL40031/LECTURE/01,"MCEL30051, MCEL40031",LECTURE,10:00,12:00,Tuesday,"2-5, 8, 10-11, 13","28/09/2021,05/10/2021,12/10/2021,19/10/2021,09/11/2021,23/11/2021,30/11/2021,14/12/2021",70,Kilburn_TH 1.4,Checked
MCEL40011/LECTURE/01,MCEL40011,LECTURE,9:00,12:00,Thursday,"2-4, 8-10","30/09/2021,07/10/2021,14/10/2021,11/11/2021,18/11/2021,25/11/2021",80,Kilburn_TH 1.3,Checked
MEDN60010/LEC/Friday Morning Sem 2/01,MEDN60010,LECTURE,10:00,13:00,Friday,"21-28, 32-35","11/02/2022,18/02/2022,25/02/2022,04/03/2022,11/03/2022,18/03/2022,25/03/2022,01/04/2022,29/04/2022,06/05/2022,13/05/2022,20/05/2022",65,Kilburn_TH 1.5,Checked
MEDN67542/LEC/CLAS/SOLID/THURSAM/01,MEDN67542,LECTURE,9:00,12:00,Thursday,27,24/03/2022,40,Kilburn_TH 1.4,Checked
MEDN67542/LEC/CLAS/SOLID/THURSPM/01,MEDN67542,LECTURE,13:00,17:00,Thursday,27,24/03/2022,40,Kilburn_TH 1.4,Checked
MEDN68642/LEC/WED/PM,MEDN68642,LECTURE,13:00,17:00,Wednesday,24-26,"02/03/2022,09/03/2022,16/03/2022",75,Kilburn_TH 1.4,Checked
MEDN68652/LEC/THUR/AM,MEDN68652,LECTURE,9:00,13:00,Thursday,20-22,"03/02/2022,10/02/2022,17/02/2022",75,Kilburn_TH 1.4,Checked
MEDN68652/LEC/WED/PM,MEDN68652,LECTURE,13:00,17:00,Wednesday,20-22,"02/02/2022,09/02/2022,16/02/2022",75,Kilburn_TH 1.4,Checked
MEDN68662/LEC/THUR/AM,MEDN68662,LECTURE,9:00,13:00,Thursday,"28-29, 32-34","31/03/2022,07/04/2022,28/04/2022,05/05/2022,12/05/2022",75,Kilburn_TH 1.4,Checked
MEDN68662/LEC/THUR/PM,MEDN68662,LECTURE,13:00,17:00,Thursday,"28-29, 32-34","31/03/2022,07/04/2022,28/04/2022,05/05/2022,12/05/2022",75,Kilburn_TH 1.4,Checked
MEDN68662/LEC/TUES/PM,MEDN68662,LECTURE,13:00,17:00,Tuesday,"28-29, 32-34","29/03/2022,05/04/2022,26/04/2022,03/05/2022,10/05/2022",75,Kilburn_TH 1.4,Checked
MEDN68662/LEC/WED/PM,MEDN68662,LECTURE,13:00,17:00,Wednesday,"28-29, 32-34","30/03/2022,06/04/2022,27/04/2022,04/05/2022,11/05/2022",75,Kilburn_TH 1.4,Checked
MEST20002/OnCampusLecture/,MEST20002,LECTURE,16:00,18:00,Tuesday,21-26,"08/02/2022,15/02/2022,22/02/2022,01/03/2022,08/03/2022,15/03/2022",40,Kilburn_TH 1.5,Checked
"MEST20501/ON CAMPUS Lecture/ <02, 09-13>",MEST20501,LECTURE,10:00,12:00,Wednesday,"2, 9-13","29/09/2021,17/11/2021,24/11/2021,01/12/2021,08/12/2021,15/12/2021",40,Kilburn_TH 1.5,Checked
MGDI60072/TUT/TUT/02,MGDI60072,TUTORIAL,14:00,16:00,Tuesday,"23-24, 26, 28, 32","22/02/2022,01/03/2022,15/03/2022,29/03/2022,26/04/2022",25,Kilburn_TH 1.5,Checked
MGDI60081/LEC/LEC/01,MGDI60081,LECTURE,14:00,16:00,Monday,2-13,"27/09/2021,04/10/2021,11/10/2021,18/10/2021,25/10/2021,01/11/2021,08/11/2021,15/11/2021,22/11/2021,29/11/2021,06/12/2021,13/12/2021",165,Kilburn_TH 1.1,Checked
"MGDI60101/LEC/LEC1/01 <04, 09, 12>",MGDI60101,LECTURE,9:00,11:00,Thursday,"4, 9, 12","14/10/2021,18/11/2021,09/12/2021",255,Kilburn_TH 1.1,Checked
MGDI60311/LEC/LEC2/01,MGDI60311,LECTURE,10:00,11:00,Friday,7,05/11/2021,80,Kilburn_TH 1.5,Checked
MGDI60362/LEC/LEC/01,MGDI60362,LECTURE,14:00,16:00,Tuesday,21-28,"08/02/2022,15/02/2022,22/02/2022,01/03/2022,08/03/2022,15/03/2022,22/03/2022,29/03/2022",180,Kilburn_TH 1.1,Checked
MGDI60731/LEC/LEC/01,MGDI60731,LECTURE,14:00,16:00,Tuesday,"2-6, 8-11","28/09/2021,05/10/2021,12/10/2021,19/10/2021,26/10/2021,09/11/2021,16/11/2021,23/11/2021,30/11/2021",60,Kilburn_TH 1.4,Checked
MGDI60742/LEC/LEC/01,MGDI60742,LECTURE,12:00,14:00,Thursday,21-28,"10/02/2022,17/02/2022,24/02/2022,03/03/2022,10/03/2022,17/03/2022,24/03/2022,31/03/2022",75,Kilburn_TH 1.5,Checked
MGDI70191/LEC/LEC1/01,MGDI70191,LECTURE,11:00,14:00,Thursday,"2-6, 8-12","30/09/2021,07/10/2021,14/10/2021,21/10/2021,28/10/2021,11/11/2021,18/11/2021,25/11/2021,02/12/2021,09/12/2021",180,Kilburn_TH 1.1,Checked
MGDI71981/LEC/LEC1/01,MGDI71981,LECTURE,11:00,14:00,Monday,"2-6, 8-10","27/09/2021,04/10/2021,11/10/2021,18/10/2021,25/10/2021,08/11/2021,15/11/2021,22/11/2021",70,Kilburn_TH 1.3,Checked
MGDI72121/LEC/LEC/01,MGDI72121,LECTURE,14:00,16:00,Friday,"2-6, 8-12","01/10/2021,08/10/2021,15/10/2021,22/10/2021,29/10/2021,12/11/2021,19/11/2021,26/11/2021,03/12/2021,10/12/2021",250,Kilburn_TH 1.1,Checked
NURS21240/SEMINAR/ANALGESIA DAY ON CAMPUS/04,NURS21240,SEMINAR,9:00,12:00,Thursday,26,17/03/2022,25,Kilburn_TH 1.4,Checked
"NURS21280/PASSDEBRIEF10/03, NURS39990/PASSDEBRIEF10//03","NURS21280, NURS39990",PASS,12:00,13:00,Tuesday,40,21/06/2022,72,Kilburn_TH 1.4,Checked
NURS23102/Presentations/01,NURS23102,PRESENTATIONS,10:00,16:00,Thursday,25,10/03/2022,70,Kilburn_TH 1.4,Checked
NURS23102/SU workshop/02,NURS23102,WORKSHOP,13:00,16:00,Thursday,23,24/02/2022,70,Kilburn_TH 1.4,Checked
NURS23102/workshop/01,NURS23102,WORKSHOP,13:00,16:00,Thursday,21,10/02/2022,70,Kilburn_TH 1.4,Checked
NURS23142/LECTURE1/01,NURS23142,LECTURE,10:00,11:00,Monday,39,13/06/2022,282,Kilburn_TH 1.1,Checked
NURS23142/LECTURE2/01,NURS23142,LECTURE,13:00,14:00,Monday,39,13/06/2022,282,Kilburn_TH 1.1,Checked
NURS31350/LEC/LEC10/,NURS31350,LECTURE,13:00,15:00,Thursday,22,17/02/2022,70,Kilburn_TH 1.4,Checked
NURS31350/LEC/LEC2/ON CAMPUS/,NURS31350,LECTURE,13:00,15:00,Wednesday,12,08/12/2021,70,Kilburn_TH 1.4,Checked
PHAR10102/LEC4/wk12,PHAR10102,LECTURE,9:00,10:00,Thursday,35,19/05/2022,75,Kilburn_TH 1.4,Checked
PHAR40101/LEC/02/NEURO/01,PHAR40101,LECTURE,11:00,12:00,Tuesday,2,28/09/2021,80,Kilburn_TH 1.3,Checked
PHIL60621/Seminar/01,PHIL60621,SEMINAR,15:00,16:00,Thursday,"2-6, 8-13","30/09/2021,07/10/2021,14/10/2021,21/10/2021,28/10/2021,11/11/2021,18/11/2021,25/11/2021,02/12/2021,09/12/2021,16/12/2021",30,Kilburn_TH 1.4,Checked
PHYS20401/LEC/LEC2/01,PHYS20401,LECTURE,14:00,15:00,Thursday,"2-6, 8-13","30/09/2021,07/10/2021,14/10/2021,21/10/2021,28/10/2021,11/11/2021,18/11/2021,25/11/2021,02/12/2021,09/12/2021,16/12/2021",270,Kilburn_TH 1.1,Checked
"PHYS30392/LEC/LEC1/01, PHYS63392/LEC/LEC1/01","PHYS30392, PHYS63392",LECTURE,9:00,11:00,Friday,"21-28, 32-35","11/02/2022,18/02/2022,25/02/2022,04/03/2022,11/03/2022,18/03/2022,25/03/2022,01/04/2022,29/04/2022,06/05/2022,13/05/2022,20/05/2022",276,Kilburn_TH 1.1,Checked
"PHYS31692/LEC/LEC1/01, PHYS61692/LEC/LEC1/01","PHYS31692, PHYS61692",LECTURE,15:00,17:00,Monday,"21-28, 32-35","07/02/2022,14/02/2022,21/02/2022,28/02/2022,07/03/2022,14/03/2022,21/03/2022,28/03/2022,25/04/2022,02/05/2022,09/05/2022,16/05/2022",71,Kilburn_TH 1.3,Checked
"PHYS40732/LEC/LEC1/01, PHYS64732/LEC/LEC1/01","PHYS40732, PHYS64732",LECTURE,15:00,17:00,Monday,"21-28, 32-35","07/02/2022,14/02/2022,21/02/2022,28/02/2022,07/03/2022,14/03/2022,21/03/2022,28/03/2022,25/04/2022,02/05/2022,09/05/2022,16/05/2022",61,Kilburn_TH 1.5,Checked
"PHYS40992/LEC/LEC1/01, PHYS64992/LEC/LEC1/01","PHYS40992, PHYS64992",LECTURE,14:00,16:00,Friday,"21-28, 32-35","11/02/2022,18/02/2022,25/02/2022,04/03/2022,11/03/2022,18/03/2022,25/03/2022,01/04/2022,29/04/2022,06/05/2022,13/05/2022,20/05/2022",65,Kilburn_TH 1.5,Checked
PHYS60351/LEC/LEC1/01,PHYS60351,LECTURE,10:30,13:30,Monday,2-5,"27/09/2021,04/10/2021,11/10/2021,18/10/2021",12,Kilburn_TH 1.4,Checked
PLAN10352/LEC/SEMINARS/SEM2/01,PLAN10352,LECTURE,14:00,16:00,Thursday,"21-28, 32-35","10/02/2022,17/02/2022,24/02/2022,03/03/2022,10/03/2022,17/03/2022,24/03/2022,31/03/2022,28/04/2022,05/05/2022,12/05/2022,19/05/2022",45,Kilburn_TH 1.3,Checked
PLAN20172/LEC/SEM2/01,PLAN20172,LECTURE,10:00,12:00,Wednesday,"21-22, 27","09/02/2022,16/02/2022,23/03/2022",65,Kilburn_TH 1.4,Checked
PLAN60021/SEM/SEM1/01,PLAN60021,PRESENTATIONS,9:00,14:00,Monday,13,13/12/2021,40,Kilburn_TH 1.3,Checked
PLAN60041/SEM/SEM1/01,PLAN60041,SEMINAR,16:00,17:00,Monday,"4, 6, 9, 11","11/10/2021,25/10/2021,15/11/2021,29/11/2021",30,Kilburn_TH 1.1,Checked
PLAN60082/LEC/LEC1/01,PLAN60082,LECTURE,15:00,17:00,Tuesday,21-23,"08/02/2022,15/02/2022,22/02/2022",80,Kilburn_TH 1.3,Checked
"PLAN60102/LEC/LEC1/01, PLAN40662/LEC/SEM2/01","PLAN40662, PLAN60102",LECTURE,9:00,11:00,Monday,"21-28, 32-34","07/02/2022,14/02/2022,21/02/2022,28/02/2022,07/03/2022,14/03/2022,21/03/2022,28/03/2022,25/04/2022,02/05/2022,09/05/2022",194,Kilburn_TH 1.1,Checked
"PLAN60102/SEM/SEM2/01, PLAN40662/SEMINAR/SEM2/01","PLAN40662, PLAN60102",ONLINE SEMINAR,11:00,13:00,Monday,"21-28, 32-34","07/02/2022,14/02/2022,21/02/2022,28/02/2022,07/03/2022,14/03/2022,21/03/2022,28/03/2022,25/04/2022,02/05/2022,09/05/2022",67,Kilburn_TH 1.3,Checked
PLAN60442/LEC/LEC/01,PLAN60442,LECTURE,9:00,11:00,Tuesday,"21-28, 32-35","08/02/2022,15/02/2022,22/02/2022,01/03/2022,08/03/2022,15/03/2022,22/03/2022,29/03/2022,26/04/2022,03/05/2022,10/05/2022,17/05/2022",70,Kilburn_TH 1.4,Checked
"PLAN64001/LEC/LEC/01 <02-05, 08-13>",PLAN64001,LECTURE,10:00,12:00,Thursday,"2-5, 8-13","30/09/2021,07/10/2021,14/10/2021,21/10/2021,11/11/2021,18/11/2021,25/11/2021,02/12/2021,09/12/2021,16/12/2021",80,Kilburn_TH 1.5,Checked
PLAN64001/LEC/LEC/01 <06>,PLAN64001,LECTURE,10:00,13:00,Thursday,6,28/10/2021,80,Kilburn_TH 1.5,Checked
POLI10202/Lecture/01,POLI10202,LECTURE,11:00,13:00,Thursday,"21-28, 32-35","10/02/2022,17/02/2022,24/02/2022,03/03/2022,10/03/2022,17/03/2022,24/03/2022,31/03/2022,28/04/2022,05/05/2022,12/05/2022,19/05/2022",282,Kilburn_TH 1.1,Checked
"POLI30300/Lecture - Semester 1/01, POLI3030/Lecture - Semester 1/01","POLI30300, POLI30380",LECTURE,16:00,17:00,Tuesday,"2-4, 9-11","28/09/2021,05/10/2021,12/10/2021,16/11/2021,23/11/2021,30/11/2021",282,Kilburn_TH 1.1,Checked
PSYC11402/SEM/SEM1/06,PSYC11402,SEMINAR,15:30,16:30,Thursday,"23, 25, 27, 32","24/02/2022,10/03/2022,24/03/2022,28/04/2022",30,Kilburn_TH 1.1,Checked
"RUSS10251/Lecture/, RUSS20251/Lecture/","RUSS10251, RUSS20251",LECTURE,17:00,18:00,Tuesday,"2, 6, 8, 12-13","28/09/2021,26/10/2021,09/11/2021,07/12/2021,14/12/2021",75,Kilburn_TH 1.4,Checked
SALC10602/Lecture/,SALC10602,LECTURE,11:00,13:00,Wednesday,"21-28, 32-35","09/02/2022,16/02/2022,23/02/2022,02/03/2022,09/03/2022,16/03/2022,23/03/2022,30/03/2022,27/04/2022,04/05/2022,11/05/2022,18/05/2022",80,Kilburn_TH 1.5,Checked
SOAN10331/Lecture,SOAN10331,LECTURE,11:00,13:00,Wednesday,"2-6, 8-13","29/09/2021,06/10/2021,13/10/2021,20/10/2021,27/10/2021,10/11/2021,17/11/2021,24/11/2021,01/12/2021,08/12/2021,15/12/2021",75,Kilburn_TH 1.4,Checked
"SOAN30111/Lecture, SOAN60111/Lecture <02>","SOAN30111, SOAN60111",LECTURE,15:00,16:00,Monday,2,27/09/2021,78,Kilburn_TH 1.5,Checked
SPLA20161/ONCAMPUS_Lecture/ <02>,SPLA20161,LECTURE,10:00,11:00,Tuesday,2,28/09/2021,50,Kilburn_TH 1.3,Checked
WWSOSSUG - LLB Year 2 Employability Session/01,WW_UG_LAW,ASYNCHRONOUS,13:00,14:00,Thursday,1,23/09/2021,250,Kilburn_TH 1.1,Checked
WWSOSSUG - LLB Year 3 Employability Session/01,WW_UG_LAW,ASYNCHRONOUS,10:00,11:00,Thursday,1,23/09/2021,250,Kilburn_TH 1.1,Checked